caption_run_id,created_at,compound_name,compound_id,compound_name_input,vial_caption_1,vial_caption_2,pen_caption_1,pen_caption_2,verify_status,hashtag_line
CAP-TB500-1789080607089,2026-09-10T22:50:07.082Z,TB-500,P-TB500-001,TB-500,"TB-500 is an actin-regulating research peptide used in cell-migration laboratory models. Research focuses on cytoskeletal dynamics and tissue-architecture signaling at the molecular level.
Explore research-grade TB-500 at https://palmbeach-vitality.store/product/tb-500-vial/
#TB500 #TissueRepair #PeptideResearch #CellularScience #ResearchPeptides","TB-500 is studied as an actin-regulating research peptide used in cell-migration laboratory models. Laboratory work examines how a thymosin-beta fragment is cataloged for structural-cell research.
Browse the research vial listing for TB-500 at https://palmbeach-vitality.store/product/tb-500-vial/
#TB500 #TissueRepair #PeptideResearch #CellularScience #ResearchPeptides","TB-500 is an actin-regulating research peptide used in cell-migration laboratory models. Research maps cytoskeletal dynamics and tissue-architecture signaling at the molecular level.
Explore research-grade TB-500 in the pen catalog at https://palmbeach-vitality.store/product/tb-500-vial/
#TB500 #TissueRepair #PeptideResearch #CellularScience #ResearchPeptides","TB-500 is cataloged as an actin-regulating research peptide used in cell-migration laboratory models. Laboratory work examines how a thymosin-beta fragment is cataloged for structural-cell research.
Browse the research pen listing for TB-500 at https://palmbeach-vitality.store/product/tb-500-vial/
#TB500 #TissueRepair #PeptideResearch #CellularScience #ResearchPeptides",accepted,#TB500 #TissueRepair #PeptideResearch #CellularScience #ResearchPeptides
