lab_item_id,rank,category,lab_item,material_detail,surface,lighting,camera_move,status,times_used,last_used_at
LAB-397,1,instruments,data acquisition module USB,DAQ module,white melamine cleanroom table,"warm neutral side light, still clinical",low angle tracking slide,Active,0,
LAB-181,2,surfaces_org,brushed stainless steel lab tray with vial,"medical tray, single vial centered",polished black reflective acrylic,"warm neutral side light, still clinical",low angle tracking slide,Active,0,
LAB-398,3,instruments,lab computer terminal blank screen cropped,terminal only blank,textured slate sample board,split soft key and gentle bounce,circular arc that never fully completes,Active,0,
LAB-206,4,packaging,white research product carton closed,"matte white carton, minimal branding area",mirrored chrome instrument tray,split soft key and gentle bounce,circular arc that never fully completes,Active,0,
LAB-399,5,instruments,balance anti-vibration table section,table surface,soft gray seamless paper backdrop,high-key seamless catalog lighting,vertical rise from base to label,Active,0,
LAB-231,6,ppe_sterile,box of nitrile gloves blue closed,"glove box, no hands",polished black reflective acrylic,high-key seamless catalog lighting,vertical rise from base to label,Active,0,
LAB-400,7,instruments,ionizer bar over weigh station,ionizer,anodized aluminum tray,low-key selective highlight on glass edges,fast resolve into locked hero frame,Active,0,
LAB-001,8,vials_containers,amber glass research vial with rubber stopper,"amber glass, aluminum crimp seal, white rubber stopper, clear fill line",polished black reflective acrylic,soft rim light from behind,slow 360 degree orbit at eye level,Active,0,
LAB-401,9,instruments,static gun industrial lab,ionizing gun,polished black reflective acrylic,soft rim light from behind,slow 360 degree orbit at eye level,Active,0,
LAB-041,10,research_pens,pre-filled research pen on matte black acrylic,"clear barrel window, dial collar, capped tip cover on",polished black reflective acrylic,soft rim light from behind,slow 360 degree orbit at eye level,Active,0,
LAB-066,11,glassware,borosilicate Erlenmeyer flask 250ml empty,"classic flask, frosted marking spot",mirrored chrome instrument tray,cool clinical blue-white LED,extreme macro push-in,Active,0,
LAB-402,12,instruments,particle-free pen for cleanroom labeling,cleanroom pen,matte pure white infinity surface,cool clinical blue-white LED,extreme macro push-in,Active,0,
LAB-101,13,liquid_handling,single-channel micropipette upright,"adjustable volume pipette, tip ejector, no tip attached",polished black reflective acrylic,"warm neutral side light, still clinical",low angle tracking slide,Active,0,
LAB-126,14,cold_chain,laboratory freezer box cardboard with vials,"cryobox with grid, few vials seated",mirrored chrome instrument tray,split soft key and gentle bounce,circular arc that never fully completes,Active,0,
LAB-486,15,qc_analytical,mass spectrometer inlet detail idle,instrument detail idle,mirrored chrome instrument tray,split soft key and gentle bounce,circular arc that never fully completes,Active,0,
LAB-182,16,surfaces_org,black anodized aluminum instrument tray,matte black metal tray,matte pure white infinity surface,split soft key and gentle bounce,circular arc that never fully completes,Active,0,
LAB-207,17,packaging,open carton revealing foam-cradled vial,"unboxing still, vial in foam",white melamine cleanroom table,high-key seamless catalog lighting,vertical rise from base to label,Active,0,
LAB-232,18,ppe_sterile,single unused nitrile glove laid flat,"exactly one glove, flat, unused, no pair visible",matte pure white infinity surface,low-key selective highlight on glass edges,fast resolve into locked hero frame,Active,0,
LAB-002,19,vials_containers,clear borosilicate peptide vial upright,"type I borosilicate, 10ml scale markings, sterile cap",matte pure white infinity surface,cool clinical blue-white LED,extreme macro push-in,Active,0,
LAB-042,20,research_pens,research pen with visible liquid barrel macro,"meniscus and glass barrel detail, cap beside pen",matte pure white infinity surface,cool clinical blue-white LED,extreme macro push-in,Active,0,
LAB-067,21,glassware,Erlenmeyer flask with clear buffer solution,"liquid to marked line, no foam overflow",white melamine cleanroom table,single hard key light with controlled fill,gentle top-down descending move,Active,0,
LAB-403,22,instruments,cleanroom binder plastic,binder,brushed stainless steel lab bench,single hard key light with controlled fill,gentle top-down descending move,Active,0,
LAB-102,23,liquid_handling,micropipette with sterile filtered tip attached,"tip on, never touching skin",matte pure white infinity surface,split soft key and gentle bounce,circular arc that never fully completes,Active,0,
LAB-127,24,cold_chain,polycarbonate freezer box empty grid,9x9 grid box open,white melamine cleanroom table,high-key seamless catalog lighting,vertical rise from base to label,Active,0,
LAB-487,25,qc_analytical,LC column oven door closed,oven door,white melamine cleanroom table,high-key seamless catalog lighting,vertical rise from base to label,Active,0,
LAB-183,26,surfaces_org,white melamine lab bench section,"clean bench surface, product only",brushed stainless steel lab bench,high-key seamless catalog lighting,vertical rise from base to label,Active,0,
LAB-208,27,packaging,blister card of research cartridges,retail-style research blister,textured slate sample board,low-key selective highlight on glass edges,fast resolve into locked hero frame,Active,0,
LAB-233,28,ppe_sterile,sterile sleeve covers packaged,PPE pack,brushed stainless steel lab bench,soft rim light from behind,slow 360 degree orbit at eye level,Active,0,
LAB-003,29,vials_containers,frosted white research vial with matte label panel,"opaque white glass, flat label face, sealed top",brushed stainless steel lab bench,single hard key light with controlled fill,gentle top-down descending move,Active,0,
LAB-043,30,research_pens,precision research pen standing upright,"vertical hero, soft reflection, cap on",brushed stainless steel lab bench,single hard key light with controlled fill,gentle top-down descending move,Active,0,
LAB-068,31,glassware,volumetric flask with stopper,"class A volumetric flask, ground glass stopper",textured slate sample board,"soft overhead softbox, even catalog lighting",locked tripod hero frame with subtle push,Active,0,
LAB-404,32,instruments,glove integrity tester unit,tester,dark charcoal epoxy resin countertop,"soft overhead softbox, even catalog lighting",locked tripod hero frame with subtle push,Active,0,
LAB-103,33,liquid_handling,multicolor micropipette set in stand,P20 P200 P1000 in carousel,brushed stainless steel lab bench,high-key seamless catalog lighting,vertical rise from base to label,Active,0,
LAB-128,34,cold_chain,cold packs flanking a research carton,gel packs and white carton,textured slate sample board,low-key selective highlight on glass edges,fast resolve into locked hero frame,Active,0,
LAB-488,35,qc_analytical,autosampler tray with vials partial,tray,textured slate sample board,low-key selective highlight on glass edges,fast resolve into locked hero frame,Active,0,
LAB-184,36,surfaces_org,epoxy resin lab countertop swatch with beaker,chemical-resistant surface,dark charcoal epoxy resin countertop,low-key selective highlight on glass edges,fast resolve into locked hero frame,Active,0,
LAB-209,37,packaging,foil pouch resealable with vial silhouette,barrier pouch,soft gray seamless paper backdrop,soft rim light from behind,slow 360 degree orbit at eye level,Active,0,
LAB-234,38,ppe_sterile,bouffant cap package,hair cover pack,dark charcoal epoxy resin countertop,cool clinical blue-white LED,extreme macro push-in,Active,0,
LAB-004,39,vials_containers,single-chamber lyophilized research vial,"one clear glass vial, single chamber only, white lyophilized cake, sealed septum, aluminum crimp",dark charcoal epoxy resin countertop,"soft overhead softbox, even catalog lighting",locked tripod hero frame with subtle push,Active,0,
LAB-044,40,research_pens,single research pen on slate,"exactly one capped research pen, centered on slate, no second pen",dark charcoal epoxy resin countertop,"soft overhead softbox, even catalog lighting",locked tripod hero frame with subtle push,Active,0,
LAB-069,41,glassware,graduated cylinder 100ml on stand,clear graduations facing camera,soft gray seamless paper backdrop,"warm neutral side light, still clinical",low angle tracking slide,Active,0,
LAB-405,42,instruments,seal strength tester grips empty,tester grips,cool gray ceramic tile,"warm neutral side light, still clinical",low angle tracking slide,Active,0,
LAB-104,43,liquid_handling,electronic pipette on charging stand,modern electronic pipette docked,dark charcoal epoxy resin countertop,low-key selective highlight on glass edges,fast resolve into locked hero frame,Active,0,
LAB-129,44,cold_chain,insulated shipper open showing foam insert,"cold-chain shipper, vial well empty or filled",soft gray seamless paper backdrop,soft rim light from behind,slow 360 degree orbit at eye level,Active,0,
LAB-489,45,qc_analytical,GC column box,column box,soft gray seamless paper backdrop,soft rim light from behind,slow 360 degree orbit at eye level,Active,0,
LAB-185,46,surfaces_org,blue absorbent bench underpad with pen,"absorbent bench underpad, research pen",cool gray ceramic tile,soft rim light from behind,slow 360 degree orbit at eye level,Active,0,
LAB-210,47,packaging,corrugated mailer for vials,small shipper,anodized aluminum tray,cool clinical blue-white LED,extreme macro push-in,Active,0,
LAB-235,48,ppe_sterile,safety glasses on lab tray,clear safety glasses,cool gray ceramic tile,single hard key light with controlled fill,gentle top-down descending move,Active,0,
LAB-005,49,vials_containers,screw-cap scintillation vial,"glass body, white screw cap, lab inventory barcode",cool gray ceramic tile,"warm neutral side light, still clinical",low angle tracking slide,Active,0,
LAB-045,50,research_pens,research pen cap removed resting beside barrel,"cap and pen as still life, no skin contact",cool gray ceramic tile,"warm neutral side light, still clinical",low angle tracking slide,Active,0,
LAB-070,51,glassware,beaker 600ml with pouring spout,"heavy wall beaker, spout detail",anodized aluminum tray,split soft key and gentle bounce,circular arc that never fully completes,Active,0,
LAB-406,52,instruments,torque tester for caps,cap torque tool,mirrored chrome instrument tray,split soft key and gentle bounce,circular arc that never fully completes,Active,0,
LAB-105,53,liquid_handling,repeater pipette with tip comb,combitip-style research pipette,cool gray ceramic tile,soft rim light from behind,slow 360 degree orbit at eye level,Active,0,
LAB-130,54,cold_chain,mini cooler bag for research samples unzipped,"soft cooler, gel pack visible",anodized aluminum tray,cool clinical blue-white LED,extreme macro push-in,Active,0,
LAB-490,55,qc_analytical,helium cylinder regulator detail,regulator,anodized aluminum tray,cool clinical blue-white LED,extreme macro push-in,Active,0,
LAB-186,56,surfaces_org,perforated stainless drying rack with glassware,pegs holding flasks,mirrored chrome instrument tray,cool clinical blue-white LED,extreme macro push-in,Active,0,
LAB-211,57,packaging,tamper-evident label sheet,void labels,polished black reflective acrylic,single hard key light with controlled fill,gentle top-down descending move,Active,0,
LAB-236,58,ppe_sterile,face shield on stand,shield alone,mirrored chrome instrument tray,"soft overhead softbox, even catalog lighting",locked tripod hero frame with subtle push,Active,0,
LAB-006,59,vials_containers,cryovial with silicone gasket cap,"polypropylene cryovial, external threads, color-coded cap insert",mirrored chrome instrument tray,split soft key and gentle bounce,circular arc that never fully completes,Active,0,
LAB-046,60,research_pens,research pen on mirrored chrome plate,"hard specular highlights, product catalog",mirrored chrome instrument tray,split soft key and gentle bounce,circular arc that never fully completes,Active,0,
LAB-071,61,glassware,beaker nest set of three,"stacked sizes, clinical arrangement",polished black reflective acrylic,high-key seamless catalog lighting,vertical rise from base to label,Active,0,
LAB-146,62,instruments,analytical balance with draft shield closed,"four-point balance, doors shut, pan empty",mirrored chrome instrument tray,cool clinical blue-white LED,extreme macro push-in,Active,0,
LAB-106,63,liquid_handling,serological pipette pump controller,pipette controller device alone,mirrored chrome instrument tray,cool clinical blue-white LED,extreme macro push-in,Active,0,
LAB-131,64,cold_chain,temperature data logger on pack,small logger device with display,polished black reflective acrylic,single hard key light with controlled fill,gentle top-down descending move,Active,0,
LAB-491,65,qc_analytical,zero air generator compact,generator,polished black reflective acrylic,single hard key light with controlled fill,gentle top-down descending move,Active,0,
LAB-187,66,surfaces_org,acrylic glove box exterior gloves hanging,"box exterior, no person",white melamine cleanroom table,single hard key light with controlled fill,gentle top-down descending move,Active,0,
LAB-212,67,packaging,roll of thermal lab labels,label stock roll,matte pure white infinity surface,"soft overhead softbox, even catalog lighting",locked tripod hero frame with subtle push,Active,0,
LAB-237,68,ppe_sterile,lab coat on hanger cropped torso-less,"white coat garment only, no body",white melamine cleanroom table,"warm neutral side light, still clinical",low angle tracking slide,Active,0,
LAB-007,69,vials_containers,amber dropper-style research bottle sealed,"amber glass, child-resistant research cap, no lifestyle cues",white melamine cleanroom table,high-key seamless catalog lighting,vertical rise from base to label,Active,0,
LAB-047,70,research_pens,research pen with dose window close-up,"numeric window readable, shallow depth",white melamine cleanroom table,high-key seamless catalog lighting,vertical rise from base to label,Active,0,
LAB-072,71,glassware,round-bottom flask on cork ring,flask seated in cork support ring,matte pure white infinity surface,low-key selective highlight on glass edges,fast resolve into locked hero frame,Active,0,
LAB-407,72,instruments,vision inspection camera enclosure,camera housing,white melamine cleanroom table,high-key seamless catalog lighting,vertical rise from base to label,Active,0,
LAB-107,73,liquid_handling,box of sterile pipette tips closed,"hinged tip box, rack visible through lid",white melamine cleanroom table,single hard key light with controlled fill,gentle top-down descending move,Active,0,
LAB-132,74,cold_chain,cryogenic gloves folded beside cryobox,"PPE as object, no person wearing",matte pure white infinity surface,"soft overhead softbox, even catalog lighting",locked tripod hero frame with subtle push,Active,0,
LAB-492,75,qc_analytical,TOC analyzer exterior,analyzer,matte pure white infinity surface,"soft overhead softbox, even catalog lighting",locked tripod hero frame with subtle push,Active,0,
LAB-188,76,surfaces_org,modular lab shelving with neat reagent bottles,organized shelf hero,textured slate sample board,"soft overhead softbox, even catalog lighting",locked tripod hero frame with subtle push,Active,0,
LAB-213,77,packaging,serialized hologram sticker pack,anti-counterfeit stickers,brushed stainless steel lab bench,"warm neutral side light, still clinical",low angle tracking slide,Active,0,
LAB-238,78,ppe_sterile,shoe covers packaged,disposable covers,textured slate sample board,split soft key and gentle bounce,circular arc that never fully completes,Active,0,
LAB-008,79,vials_containers,HPLC sample vial with insert,"2ml autosampler vial, PTFE/silicone septum, glass insert",textured slate sample board,low-key selective highlight on glass edges,fast resolve into locked hero frame,Active,0,
LAB-048,80,research_pens,cartridge for research pen alone,"glass cartridge with plunger, no pen body",textured slate sample board,low-key selective highlight on glass edges,fast resolve into locked hero frame,Active,0,
LAB-073,81,glassware,three-neck flask dry,"complex glass joint geometry, product still",brushed stainless steel lab bench,soft rim light from behind,slow 360 degree orbit at eye level,Active,0,
LAB-408,82,instruments,label verification scanner tunnel,scan tunnel,textured slate sample board,low-key selective highlight on glass edges,fast resolve into locked hero frame,Active,0,
LAB-108,83,liquid_handling,open pipette tip rack blue tips,96 tips orderly grid,textured slate sample board,"soft overhead softbox, even catalog lighting",locked tripod hero frame with subtle push,Active,0,
LAB-133,84,cold_chain,liquid nitrogen vapor shipper exterior,dry shipper dewar exterior only,brushed stainless steel lab bench,"warm neutral side light, still clinical",low angle tracking slide,Active,0,
LAB-493,85,qc_analytical,dissolution apparatus basket idle,basket apparatus,brushed stainless steel lab bench,"warm neutral side light, still clinical",low angle tracking slide,Active,0,
LAB-189,86,surfaces_org,pegboard with hanging clamps and rings,tools arranged,soft gray seamless paper backdrop,"warm neutral side light, still clinical",low angle tracking slide,Active,0,
LAB-214,87,packaging,insert card folded research use only,"paper insert, disclaimer visible briefly",dark charcoal epoxy resin countertop,split soft key and gentle bounce,circular arc that never fully completes,Active,0,
LAB-239,88,ppe_sterile,sterile alcohol prep pads box,pads box,soft gray seamless paper backdrop,high-key seamless catalog lighting,vertical rise from base to label,Active,0,
LAB-009,89,vials_containers,headspace vial with crimp cap,"clear glass, aluminum crimp, blue septum",soft gray seamless paper backdrop,soft rim light from behind,slow 360 degree orbit at eye level,Active,0,
LAB-049,90,research_pens,research pen in open hard case insert,"foam-cut case, pen seated, lid open",soft gray seamless paper backdrop,soft rim light from behind,slow 360 degree orbit at eye level,Active,0,
LAB-074,91,glassware,condenser glass column horizontal,Liebig-style condenser as object,dark charcoal epoxy resin countertop,cool clinical blue-white LED,extreme macro push-in,Active,0,
LAB-409,92,instruments,metal detector aperture lab pack line,aperture only,soft gray seamless paper backdrop,soft rim light from behind,slow 360 degree orbit at eye level,Active,0,
LAB-109,93,liquid_handling,reservoir trough for multichannel,reagent reservoir empty clean,soft gray seamless paper backdrop,"warm neutral side light, still clinical",low angle tracking slide,Active,0,
LAB-134,94,cold_chain,frosted ice pan with sealed vials,"metal pan, light frost, vials upright",dark charcoal epoxy resin countertop,split soft key and gentle bounce,circular arc that never fully completes,Active,0,
LAB-494,95,qc_analytical,hardness tester for solid research materials,tester,dark charcoal epoxy resin countertop,split soft key and gentle bounce,circular arc that never fully completes,Active,0,
LAB-190,96,surfaces_org,ESD mat with research carton,static-dissipative mat,anodized aluminum tray,split soft key and gentle bounce,circular arc that never fully completes,Active,0,
LAB-215,97,packaging,desiccant packets arranged,silica gel packs,cool gray ceramic tile,high-key seamless catalog lighting,vertical rise from base to label,Active,0,
LAB-240,98,ppe_sterile,sterile gauze stack in tray,gauze,anodized aluminum tray,low-key selective highlight on glass edges,fast resolve into locked hero frame,Active,0,
LAB-010,99,vials_containers,amber serum vial lying on side,"20ml amber vial, rubber stopper, reflective glass",anodized aluminum tray,cool clinical blue-white LED,extreme macro push-in,Active,0,
LAB-050,100,research_pens,research pen beside sealed cartridge blister,blister pack and pen as kit components,anodized aluminum tray,cool clinical blue-white LED,extreme macro push-in,Active,0,
LAB-075,101,glassware,separatory funnel closed stopcock,"pear-shaped funnel, PTFE stopcock",cool gray ceramic tile,single hard key light with controlled fill,gentle top-down descending move,Active,0,
LAB-410,102,instruments,checkweigher conveyor section static,conveyor static product,anodized aluminum tray,cool clinical blue-white LED,extreme macro push-in,Active,0,
LAB-110,103,liquid_handling,multichannel pipette 8-channel,"8-channel head, tips off",anodized aluminum tray,split soft key and gentle bounce,circular arc that never fully completes,Active,0,
LAB-135,104,cold_chain,refrigerator shelf bin with labeled vials,lab fridge organizing bin,cool gray ceramic tile,high-key seamless catalog lighting,vertical rise from base to label,Active,0,
LAB-495,105,qc_analytical,friability drum open empty,drum,cool gray ceramic tile,high-key seamless catalog lighting,vertical rise from base to label,Active,0,
LAB-191,106,surfaces_org,ceramic tile sample with amber vial,cool clinical tile,polished black reflective acrylic,high-key seamless catalog lighting,vertical rise from base to label,Active,0,
LAB-216,107,packaging,oxygen absorber packets,packet still life,mirrored chrome instrument tray,low-key selective highlight on glass edges,fast resolve into locked hero frame,Active,0,
LAB-241,108,ppe_sterile,autoclaved instrument pouch sealed,sterile pouch,polished black reflective acrylic,soft rim light from behind,slow 360 degree orbit at eye level,Active,0,
LAB-011,109,vials_containers,single research vial seated in cardboard tray well,"exactly one clear vial in one die-cut well, other wells empty, no second vial",polished black reflective acrylic,single hard key light with controlled fill,gentle top-down descending move,Active,0,
LAB-051,110,research_pens,frosted research pen body with metal clip,"matte body texture, metal pocket clip",polished black reflective acrylic,single hard key light with controlled fill,gentle top-down descending move,Active,0,
LAB-076,111,glassware,Petri dish closed sterile,"clear dish, condensation-free",mirrored chrome instrument tray,"soft overhead softbox, even catalog lighting",locked tripod hero frame with subtle push,Active,0,
LAB-147,112,instruments,analytical balance with vial on pan,"single vial being weighed concept, still",white melamine cleanroom table,single hard key light with controlled fill,gentle top-down descending move,Active,0,
LAB-111,113,liquid_handling,positive displacement pipette,specialty pipette body,polished black reflective acrylic,high-key seamless catalog lighting,vertical rise from base to label,Active,0,
LAB-136,114,cold_chain,cold chain indicator sticker sheet,time-temp indicator labels,mirrored chrome instrument tray,low-key selective highlight on glass edges,fast resolve into locked hero frame,Active,0,
LAB-496,115,qc_analytical,tap density tester,tester,mirrored chrome instrument tray,low-key selective highlight on glass edges,fast resolve into locked hero frame,Active,0,
LAB-192,116,surfaces_org,marble pass-through shelf with sealed box,cleanroom pass aesthetic,matte pure white infinity surface,low-key selective highlight on glass edges,fast resolve into locked hero frame,Active,0,
LAB-217,117,packaging,bubble wrap coil beside carton,pack materials,white melamine cleanroom table,soft rim light from behind,slow 360 degree orbit at eye level,Active,0,
LAB-242,118,ppe_sterile,indicator tape on sterilized tray wrap,wrapped tray,matte pure white infinity surface,cool clinical blue-white LED,extreme macro push-in,Active,0,
LAB-012,119,vials_containers,vacuum-sealed research vial in foil pouch open flap,glass vial partially revealed from foil barrier pouch,matte pure white infinity surface,"soft overhead softbox, even catalog lighting",locked tripod hero frame with subtle push,Active,0,
LAB-052,120,research_pens,transparent research pen showing internal mechanism,gears/dial visible through clear housing,matte pure white infinity surface,"soft overhead softbox, even catalog lighting",locked tripod hero frame with subtle push,Active,0,
LAB-077,121,glassware,stack of Petri dishes,"three dishes nested, label areas blank",white melamine cleanroom table,"warm neutral side light, still clinical",low angle tracking slide,Active,0,
LAB-148,122,instruments,pH meter with electrode in holder,"benchtop pH meter, probe parked",textured slate sample board,"soft overhead softbox, even catalog lighting",locked tripod hero frame with subtle push,Active,0,
LAB-112,123,liquid_handling,glass Hamilton-style syringe pipette,"precision metal/glass syringe for lab, no needle tip",matte pure white infinity surface,low-key selective highlight on glass edges,fast resolve into locked hero frame,Active,0,
LAB-137,124,cold_chain,phase-change pack brick,PCM pack alone,white melamine cleanroom table,soft rim light from behind,slow 360 degree orbit at eye level,Active,0,
LAB-497,125,qc_analytical,sieve stack for powders,sieves,white melamine cleanroom table,soft rim light from behind,slow 360 degree orbit at eye level,Active,0,
LAB-193,126,surfaces_org,wire chrome basket with cleaned vials,basket of vials,brushed stainless steel lab bench,soft rim light from behind,slow 360 degree orbit at eye level,Active,0,
LAB-218,127,packaging,void fill kraft paper and vial box,sustainable pack,textured slate sample board,cool clinical blue-white LED,extreme macro push-in,Active,0,
LAB-243,128,ppe_sterile,hand sanitizer pump bottle lab brand-agnostic,pump bottle on bench,brushed stainless steel lab bench,single hard key light with controlled fill,gentle top-down descending move,Active,0,
LAB-013,129,vials_containers,graduated media bottle 100ml,"borosilicate media bottle, blue GL45 cap, volume graduations",brushed stainless steel lab bench,"warm neutral side light, still clinical",low angle tracking slide,Active,0,
LAB-053,130,research_pens,research pen on folded sterile wrap paper,"medical-grade wrap texture, product only",brushed stainless steel lab bench,"warm neutral side light, still clinical",low angle tracking slide,Active,0,
LAB-078,131,glassware,watch glass covering a beaker,classic cover glass still life,textured slate sample board,split soft key and gentle bounce,circular arc that never fully completes,Active,0,
LAB-149,132,instruments,magnetic stir plate with stir bar in beaker,"plate off, beaker centered",soft gray seamless paper backdrop,"warm neutral side light, still clinical",low angle tracking slide,Active,0,
LAB-113,133,liquid_handling,dispense bottle with pump top,lab wash bottle adjacent optional,brushed stainless steel lab bench,soft rim light from behind,slow 360 degree orbit at eye level,Active,0,
LAB-138,134,cold_chain,styrofoam cold box lid ajar,EPS shipper interior view,textured slate sample board,cool clinical blue-white LED,extreme macro push-in,Active,0,
LAB-498,135,qc_analytical,laser diffraction sample cell,cell,textured slate sample board,cool clinical blue-white LED,extreme macro push-in,Active,0,
LAB-194,136,surfaces_org,parts bin drawer open showing caps,inventory of vial caps,dark charcoal epoxy resin countertop,cool clinical blue-white LED,extreme macro push-in,Active,0,
LAB-219,137,packaging,unit carton with window showing pen,window box,soft gray seamless paper backdrop,single hard key light with controlled fill,gentle top-down descending move,Active,0,
LAB-244,138,ppe_sterile,eye wash bottle sealed,emergency eyewash bottle object,dark charcoal epoxy resin countertop,"soft overhead softbox, even catalog lighting",locked tripod hero frame with subtle push,Active,0,
LAB-014,139,vials_containers,amber reagent bottle with pour ring,"amber glass reagent bottle, white polypropylene cap",dark charcoal epoxy resin countertop,split soft key and gentle bounce,circular arc that never fully completes,Active,0,
LAB-054,140,research_pens,research pen low-angle hero on concrete lab bench,premium American lab aesthetic,dark charcoal epoxy resin countertop,split soft key and gentle bounce,circular arc that never fully completes,Active,0,
LAB-079,141,glassware,glass stirring rod on ceramic tile,"solid rod, fire-polished ends",soft gray seamless paper backdrop,high-key seamless catalog lighting,vertical rise from base to label,Active,0,
LAB-150,142,instruments,vortex mixer alone,classic vortexer,anodized aluminum tray,split soft key and gentle bounce,circular arc that never fully completes,Active,0,
LAB-114,143,liquid_handling,squeeze wash bottle distilled water labeled,classic wash bottle bent neck,dark charcoal epoxy resin countertop,cool clinical blue-white LED,extreme macro push-in,Active,0,
LAB-139,144,cold_chain,validated shipping carton with UN marks research,outer carton only,soft gray seamless paper backdrop,single hard key light with controlled fill,gentle top-down descending move,Active,0,
LAB-499,145,qc_analytical,zeta potential cuvette,cuvette,soft gray seamless paper backdrop,single hard key light with controlled fill,gentle top-down descending move,Active,0,
LAB-195,146,surfaces_org,kanban bin with pipette tip boxes,lean lab storage,cool gray ceramic tile,single hard key light with controlled fill,gentle top-down descending move,Active,0,
LAB-220,147,packaging,multipack sleeve holding three cartons,sleeve packaging,anodized aluminum tray,"soft overhead softbox, even catalog lighting",locked tripod hero frame with subtle push,Active,0,
LAB-245,148,ppe_sterile,biohazard sharps container closed unused,"closed container, not in use scene",cool gray ceramic tile,"warm neutral side light, still clinical",low angle tracking slide,Active,0,
LAB-015,149,vials_containers,sterile water for research bottle,"clear plastic research bottle, tamper band intact",cool gray ceramic tile,high-key seamless catalog lighting,vertical rise from base to label,Active,0,
LAB-055,150,research_pens,research pen next to empty packaging tray,thermoformed tray and pen,cool gray ceramic tile,high-key seamless catalog lighting,vertical rise from base to label,Active,0,
LAB-080,151,glassware,reagent bottle with glass stopper,ground-glass stopper bottle,anodized aluminum tray,low-key selective highlight on glass edges,fast resolve into locked hero frame,Active,0,
LAB-151,152,instruments,microcentrifuge closed lid,benchtop centrifuge,polished black reflective acrylic,high-key seamless catalog lighting,vertical rise from base to label,Active,0,
LAB-115,153,liquid_handling,bottle-top dispenser on reagent bottle,"dispenser unit mounted, primed closed",cool gray ceramic tile,single hard key light with controlled fill,gentle top-down descending move,Active,0,
LAB-140,154,cold_chain,thermal probe in calibration bath beaker,probe and beaker still,anodized aluminum tray,"soft overhead softbox, even catalog lighting",locked tripod hero frame with subtle push,Active,0,
LAB-500,155,qc_analytical,rheometer geometry plate,plate,anodized aluminum tray,"soft overhead softbox, even catalog lighting",locked tripod hero frame with subtle push,Active,0,
LAB-196,156,surfaces_org,magnetic tool strip with metal spatulas,spatulas hanging,mirrored chrome instrument tray,"soft overhead softbox, even catalog lighting",locked tripod hero frame with subtle push,Active,0,
LAB-221,157,packaging,shipping label pouch on carton,document pouch,polished black reflective acrylic,"warm neutral side light, still clinical",low angle tracking slide,Active,0,
LAB-246,158,ppe_sterile,specimen transport bag with pouch,bio bag empty,mirrored chrome instrument tray,split soft key and gentle bounce,circular arc that never fully completes,Active,0,
LAB-016,159,vials_containers,glass ampule scored neck sealed,"clear ampule, scored neck ring, liquid fill visible",mirrored chrome instrument tray,low-key selective highlight on glass edges,fast resolve into locked hero frame,Active,0,
LAB-056,160,research_pens,single research pen angled catalog pose,"exactly one research pen at a slight angle, cap on, no second pen",mirrored chrome instrument tray,low-key selective highlight on glass edges,fast resolve into locked hero frame,Active,0,
LAB-081,161,glassware,Buchner flask side arm,"vacuum flask, thick glass",polished black reflective acrylic,soft rim light from behind,slow 360 degree orbit at eye level,Active,0,
LAB-152,162,instruments,open microcentrifuge showing rotor empty,rotor wells empty,matte pure white infinity surface,low-key selective highlight on glass edges,fast resolve into locked hero frame,Active,0,
LAB-116,163,liquid_handling,peristaltic pump head with tubing,"pump as object, tubing looped neatly",mirrored chrome instrument tray,"soft overhead softbox, even catalog lighting",locked tripod hero frame with subtle push,Active,0,
LAB-141,164,cold_chain,freezer rack drawer pulled slightly,stainless freezer rack,polished black reflective acrylic,"warm neutral side light, still clinical",low angle tracking slide,Active,0,
LAB-197,165,surfaces_org,weighing paper book open,glassine weighing papers,white melamine cleanroom table,"warm neutral side light, still clinical",low angle tracking slide,Active,0,
LAB-222,166,packaging,pallet of identical research cartons cropped,"warehouse catalog crop, tidy",matte pure white infinity surface,split soft key and gentle bounce,circular arc that never fully completes,Active,0,
LAB-247,167,ppe_sterile,cleanroom sticky mat sheet roll,tacky mat,white melamine cleanroom table,high-key seamless catalog lighting,vertical rise from base to label,Active,0,
LAB-017,168,vials_containers,amber ampule on reflective tray,"brown ampule, precise fill, clinical reflection",white melamine cleanroom table,soft rim light from behind,slow 360 degree orbit at eye level,Active,0,
LAB-057,169,research_pens,research pen with color-coded ring marker,ring marker as inventory ID only,white melamine cleanroom table,soft rim light from behind,slow 360 degree orbit at eye level,Active,0,
LAB-082,170,glassware,filter funnel in ring stand clamp,"funnel clamped, no liquid pour in progress",matte pure white infinity surface,cool clinical blue-white LED,extreme macro push-in,Active,0,
LAB-153,171,instruments,tube rotator wheel with clips,rotator with empty clips,brushed stainless steel lab bench,soft rim light from behind,slow 360 degree orbit at eye level,Active,0,
LAB-117,172,liquid_handling,syringe filter unit 0.22 micron,disc filter in packaging blister,white melamine cleanroom table,"warm neutral side light, still clinical",low angle tracking slide,Active,0,
LAB-142,173,cold_chain,cryo cane with clip for vials,aluminum cane holding vials,matte pure white infinity surface,split soft key and gentle bounce,circular arc that never fully completes,Active,0,
LAB-198,174,surfaces_org,lab notebook closed with pen on top research,"bound notebook, no handwriting readable claims",textured slate sample board,split soft key and gentle bounce,circular arc that never fully completes,Active,0,
LAB-223,175,packaging,retail shelf strip with one facing carton,facing product,brushed stainless steel lab bench,high-key seamless catalog lighting,vertical rise from base to label,Active,0,
LAB-248,176,ppe_sterile,IPA spray bottle 70 percent labeled research,solvent bottle,textured slate sample board,low-key selective highlight on glass edges,fast resolve into locked hero frame,Active,0,
LAB-018,177,vials_containers,multi-dose research vial with intact seal,"crimp seal unbroken, lot stub area blank",textured slate sample board,cool clinical blue-white LED,extreme macro push-in,Active,0,
LAB-058,178,research_pens,research pen barrel filled with clear solution,optical clarity of liquid emphasized,textured slate sample board,cool clinical blue-white LED,extreme macro push-in,Active,0,
LAB-083,179,glassware,test tube rack with six empty tubes,wooden or polypropylene rack filled,brushed stainless steel lab bench,single hard key light with controlled fill,gentle top-down descending move,Active,0,
LAB-154,180,instruments,benchtop orbital-platform shaker empty,shaker deck clear,dark charcoal epoxy resin countertop,cool clinical blue-white LED,extreme macro push-in,Active,0,
LAB-118,181,liquid_handling,sterile syringe filter attached to syringe no needle,"filter on luer, no hypodermic",textured slate sample board,split soft key and gentle bounce,circular arc that never fully completes,Active,0,
LAB-143,182,cold_chain,ice bucket with closed tube floating pack,lab ice bucket prop,brushed stainless steel lab bench,high-key seamless catalog lighting,vertical rise from base to label,Active,0,
LAB-199,183,surfaces_org,clipboard with blank COA template,"certificate layout blank, no medical claims",soft gray seamless paper backdrop,high-key seamless catalog lighting,vertical rise from base to label,Active,0,
LAB-224,184,packaging,gift-unrelated plain kraft research mailer,plain mailer,dark charcoal epoxy resin countertop,low-key selective highlight on glass edges,fast resolve into locked hero frame,Active,0,
LAB-249,185,ppe_sterile,lint-free wipes canister,wipes,soft gray seamless paper backdrop,soft rim light from behind,slow 360 degree orbit at eye level,Active,0,
LAB-019,186,vials_containers,clear vial with lyophilized white cake,freeze-dried plug visible through glass,soft gray seamless paper backdrop,single hard key light with controlled fill,gentle top-down descending move,Active,0,
LAB-059,187,research_pens,research pen on white infinity cyclorama,pure catalog seamless background,soft gray seamless paper backdrop,single hard key light with controlled fill,gentle top-down descending move,Active,0,
LAB-084,188,glassware,single test tube with clear solution,tube upright in single well,dark charcoal epoxy resin countertop,"soft overhead softbox, even catalog lighting",locked tripod hero frame with subtle push,Active,0,
LAB-155,189,instruments,hot plate stirrer ceramic top,ceramic top clean,cool gray ceramic tile,single hard key light with controlled fill,gentle top-down descending move,Active,0,
LAB-119,190,liquid_handling,pipette tip waste container empty,bench-top tip disposal jar,soft gray seamless paper backdrop,high-key seamless catalog lighting,vertical rise from base to label,Active,0,
LAB-144,191,cold_chain,coolant bottle for centrifuge,pre-chill bottle,dark charcoal epoxy resin countertop,low-key selective highlight on glass edges,fast resolve into locked hero frame,Active,0,
LAB-200,192,surfaces_org,sample log binder spine,lab records binder,anodized aluminum tray,low-key selective highlight on glass edges,fast resolve into locked hero frame,Active,0,
LAB-225,193,packaging,plastic clamshell for research pen,clear clamshell,cool gray ceramic tile,soft rim light from behind,slow 360 degree orbit at eye level,Active,0,
LAB-250,194,ppe_sterile,sterile field wrap unfolded empty,blue sterile wrap,anodized aluminum tray,cool clinical blue-white LED,extreme macro push-in,Active,0,
LAB-020,195,vials_containers,tall chromatography collection vial,"narrow clear vial, labeled rack slot",anodized aluminum tray,"soft overhead softbox, even catalog lighting",locked tripod hero frame with subtle push,Active,0,
LAB-060,196,research_pens,research pen silhouette edge-lit,"rim light outlining form, dark field",anodized aluminum tray,"soft overhead softbox, even catalog lighting",locked tripod hero frame with subtle push,Active,0,
LAB-085,197,glassware,culture tube with screw cap,threaded culture tube,cool gray ceramic tile,"warm neutral side light, still clinical",low angle tracking slide,Active,0,
LAB-156,198,instruments,lab jack raised under flask,support jack,mirrored chrome instrument tray,"soft overhead softbox, even catalog lighting",locked tripod hero frame with subtle push,Active,0,
LAB-120,199,liquid_handling,calibration balance weight next to pipette,pipette accuracy still life,anodized aluminum tray,low-key selective highlight on glass edges,fast resolve into locked hero frame,Active,0,
LAB-145,200,cold_chain,insulated vial sleeve neoprene,single-vial insulator sleeve,cool gray ceramic tile,soft rim light from behind,slow 360 degree orbit at eye level,Active,0,
LAB-201,201,surfaces_org,color-coded tape rolls for lab labeling,tape assortment,polished black reflective acrylic,soft rim light from behind,slow 360 degree orbit at eye level,Active,0,
LAB-226,202,packaging,tubular glassine sleeve for labels,protective sleeve,mirrored chrome instrument tray,cool clinical blue-white LED,extreme macro push-in,Active,0,
LAB-461,203,ppe_sterile,sterile gown packaged barrier fabric,gown pack,polished black reflective acrylic,"warm neutral side light, still clinical",low angle tracking slide,Active,0,
LAB-021,204,vials_containers,short stubby sample vial with red cap,"wide-mouth sample vial, red screw cap",polished black reflective acrylic,"warm neutral side light, still clinical",low angle tracking slide,Active,0,
LAB-061,205,research_pens,compact travel research pen shorter body,"shorter form factor, capped",polished black reflective acrylic,"warm neutral side light, still clinical",low angle tracking slide,Active,0,
LAB-086,206,glassware,NMR tube in foam carrier,"long thin tube, specialty glass",mirrored chrome instrument tray,split soft key and gentle bounce,circular arc that never fully completes,Active,0,
LAB-157,207,instruments,ring stand with clamps bare,retort stand geometry,white melamine cleanroom table,"warm neutral side light, still clinical",low angle tracking slide,Active,0,
LAB-121,208,liquid_handling,PCR plate with sealed film,"96-well plate, clear seal",polished black reflective acrylic,soft rim light from behind,slow 360 degree orbit at eye level,Active,0,
LAB-351,209,cold_chain,validated cold chain tote rigid,rigid tote,polished black reflective acrylic,high-key seamless catalog lighting,vertical rise from base to label,Active,0,
LAB-202,210,surfaces_org,sharpies and lab markers in cup,marking tools only,matte pure white infinity surface,cool clinical blue-white LED,extreme macro push-in,Active,0,
LAB-227,211,packaging,cap assortment in compartment box,caps sorted,white melamine cleanroom table,single hard key light with controlled fill,gentle top-down descending move,Active,0,
LAB-462,212,ppe_sterile,single sleeve protector packaged,one packaged sleeve protector only,matte pure white infinity surface,split soft key and gentle bounce,circular arc that never fully completes,Active,0,
LAB-022,213,vials_containers,UV-protective amber vial in foam well,amber vial nested in black foam insert,matte pure white infinity surface,split soft key and gentle bounce,circular arc that never fully completes,Active,0,
LAB-062,214,research_pens,assembled research pen sealed catalog hero,"one complete capped research pen only, not disassembled components",matte pure white infinity surface,split soft key and gentle bounce,circular arc that never fully completes,Active,0,
LAB-087,215,glassware,glass pipette graduated,"serological pipette, graduation marks",white melamine cleanroom table,high-key seamless catalog lighting,vertical rise from base to label,Active,0,
LAB-158,216,instruments,digital timer on bench,lab timer device,textured slate sample board,split soft key and gentle bounce,circular arc that never fully completes,Active,0,
LAB-122,217,liquid_handling,deep-well plate empty,2ml deep well plate,matte pure white infinity surface,cool clinical blue-white LED,extreme macro push-in,Active,0,
LAB-352,218,cold_chain,probe thermometer in vial sleeve,probe + sleeve,matte pure white infinity surface,low-key selective highlight on glass edges,fast resolve into locked hero frame,Active,0,
LAB-203,219,surfaces_org,kimwipe box and glass cleaner bottle,cleaning station still,brushed stainless steel lab bench,single hard key light with controlled fill,gentle top-down descending move,Active,0,
LAB-228,220,packaging,induction seal wad samples,seal liners,textured slate sample board,"soft overhead softbox, even catalog lighting",locked tripod hero frame with subtle push,Active,0,
LAB-463,221,ppe_sterile,cleanroom goggles sealed bag,goggles,brushed stainless steel lab bench,high-key seamless catalog lighting,vertical rise from base to label,Active,0,
LAB-023,222,vials_containers,glass vial with PTFE-lined cap,"clear vial, white PTFE liner visible under cap",brushed stainless steel lab bench,high-key seamless catalog lighting,vertical rise from base to label,Active,0,
LAB-063,223,research_pens,research pen clipped to lab coat pocket fabric still,"fabric swatch only, no person",brushed stainless steel lab bench,high-key seamless catalog lighting,vertical rise from base to label,Active,0,
LAB-088,224,glassware,Pasteur pipette in glass jar holder,disposable-style glass pipettes standing,textured slate sample board,low-key selective highlight on glass edges,fast resolve into locked hero frame,Active,0,
LAB-159,225,instruments,calipers measuring a vial diameter,calipers and vial still life,soft gray seamless paper backdrop,high-key seamless catalog lighting,vertical rise from base to label,Active,0,
LAB-123,226,liquid_handling,microcentrifuge tube rack full,colored tubes in rack,brushed stainless steel lab bench,single hard key light with controlled fill,gentle top-down descending move,Active,0,
LAB-353,227,cold_chain,USB temperature logger blister,logger packaging,brushed stainless steel lab bench,soft rim light from behind,slow 360 degree orbit at eye level,Active,0,
LAB-204,228,surfaces_org,spill kit tray sealed,chemical spill kit closed,dark charcoal epoxy resin countertop,"soft overhead softbox, even catalog lighting",locked tripod hero frame with subtle push,Active,0,
LAB-229,229,packaging,carton die-cut flat unfolded,packaging flat,soft gray seamless paper backdrop,"warm neutral side light, still clinical",low angle tracking slide,Active,0,
LAB-464,230,ppe_sterile,ear plugs dispenser bottle,dispenser,dark charcoal epoxy resin countertop,low-key selective highlight on glass edges,fast resolve into locked hero frame,Active,0,
LAB-024,231,vials_containers,research vial beside matching empty carton,"vial and small white product carton, catalog style",dark charcoal epoxy resin countertop,low-key selective highlight on glass edges,fast resolve into locked hero frame,Active,0,
LAB-064,232,research_pens,research pen on brushed aluminum tray,"anodized tray, clinical metal",dark charcoal epoxy resin countertop,low-key selective highlight on glass edges,fast resolve into locked hero frame,Active,0,
LAB-089,233,glassware,burette clamped vertically,"precision burette, stopcock closed",soft gray seamless paper backdrop,soft rim light from behind,slow 360 degree orbit at eye level,Active,0,
LAB-160,234,instruments,USB laboratory camera on boom arm,inspection camera aimed at product,anodized aluminum tray,low-key selective highlight on glass edges,fast resolve into locked hero frame,Active,0,
LAB-124,235,liquid_handling,single microcentrifuge tube 1.5ml closed,snap-cap tube hero,dark charcoal epoxy resin countertop,"soft overhead softbox, even catalog lighting",locked tripod hero frame with subtle push,Active,0,
LAB-354,236,cold_chain,freeze indicator labels roll,freeze labels,dark charcoal epoxy resin countertop,cool clinical blue-white LED,extreme macro push-in,Active,0,
LAB-205,237,surfaces_org,first-aid cabinet closed wall mount,"cabinet only, not injury scene",cool gray ceramic tile,"warm neutral side light, still clinical",low angle tracking slide,Active,0,
LAB-230,238,packaging,brand stamp block and ink pad unused,print shop still for labels,anodized aluminum tray,split soft key and gentle bounce,circular arc that never fully completes,Active,0,
LAB-465,239,ppe_sterile,single cut-resistant glove folded,"exactly one glove, folded, unused",cool gray ceramic tile,soft rim light from behind,slow 360 degree orbit at eye level,Active,0,
LAB-025,240,vials_containers,single peptide vial catalog hero,"exactly one clear peptide vial, centered, sealed cap, no second vial",cool gray ceramic tile,soft rim light from behind,slow 360 degree orbit at eye level,Active,0,
LAB-065,241,research_pens,research pen with protective tip shield locked,"safety shield engaged, product-safe",cool gray ceramic tile,soft rim light from behind,slow 360 degree orbit at eye level,Active,0,
LAB-090,242,glassware,desiccator jar with plate,"glass desiccator, lid sealed",anodized aluminum tray,cool clinical blue-white LED,extreme macro push-in,Active,0,
LAB-161,243,instruments,stereo microscope head over stage,scope over empty stage,polished black reflective acrylic,soft rim light from behind,slow 360 degree orbit at eye level,Active,0,
LAB-125,244,liquid_handling,strip of PCR tubes,8-strip tubes,cool gray ceramic tile,"warm neutral side light, still clinical",low angle tracking slide,Active,0,
LAB-355,245,cold_chain,warm indicator labels pack,heat exposure labels,cool gray ceramic tile,single hard key light with controlled fill,gentle top-down descending move,Active,0,
LAB-411,246,surfaces_org,pass-through chamber closed doors,pass box,polished black reflective acrylic,single hard key light with controlled fill,gentle top-down descending move,Active,0,
LAB-436,247,packaging,unit dose blister of research cartridges five,five-count blister,mirrored chrome instrument tray,"soft overhead softbox, even catalog lighting",locked tripod hero frame with subtle push,Active,0,
LAB-466,248,ppe_sterile,cryo apron folded,apron,mirrored chrome instrument tray,cool clinical blue-white LED,extreme macro push-in,Active,0,
LAB-026,249,vials_containers,vial with shrink-band tamper evidence,clear shrink band over cap and neck,mirrored chrome instrument tray,cool clinical blue-white LED,extreme macro push-in,Active,0,
LAB-276,250,research_pens,research pen with metal nose cone,"metal tip housing, cap on",mirrored chrome instrument tray,"soft overhead softbox, even catalog lighting",locked tripod hero frame with subtle push,Active,0,
LAB-091,251,glassware,crystallizing dish,"low wide dish, clear glass",polished black reflective acrylic,single hard key light with controlled fill,gentle top-down descending move,Active,0,
LAB-162,252,instruments,compound microscope side profile,classic lab microscope,matte pure white infinity surface,cool clinical blue-white LED,extreme macro push-in,Active,0,
LAB-326,253,liquid_handling,positive displacement capillary tip pack,capillary tips box,mirrored chrome instrument tray,split soft key and gentle bounce,circular arc that never fully completes,Active,0,
LAB-356,254,cold_chain,gel pack honeycomb style,textured gel pack,mirrored chrome instrument tray,"soft overhead softbox, even catalog lighting",locked tripod hero frame with subtle push,Active,0,
LAB-412,255,surfaces_org,cleanroom cart with sealed bins,cart,matte pure white infinity surface,"soft overhead softbox, even catalog lighting",locked tripod hero frame with subtle push,Active,0,
LAB-437,256,packaging,child-resistant research vial cap assortment,CR caps,white melamine cleanroom table,"warm neutral side light, still clinical",low angle tracking slide,Active,0,
LAB-467,257,ppe_sterile,chemical apron neoprene folded,apron,white melamine cleanroom table,single hard key light with controlled fill,gentle top-down descending move,Active,0,
LAB-027,258,vials_containers,cold-labeled vial with frost on glass,"light frost on exterior, cold-chain implication",white melamine cleanroom table,single hard key light with controlled fill,gentle top-down descending move,Active,0,
LAB-277,259,research_pens,slim research pen graphite gray body,matte gray finish,white melamine cleanroom table,"warm neutral side light, still clinical",low angle tracking slide,Active,0,
LAB-092,260,glassware,evaporating dish porcelain,"white porcelain, pouring lip",matte pure white infinity surface,"soft overhead softbox, even catalog lighting",locked tripod hero frame with subtle push,Active,0,
LAB-163,261,instruments,spectrophotometer closed sample door,UV-Vis instrument,brushed stainless steel lab bench,single hard key light with controlled fill,gentle top-down descending move,Active,0,
LAB-327,262,liquid_handling,gel-loading pipette tips rack,thin tips,white melamine cleanroom table,high-key seamless catalog lighting,vertical rise from base to label,Active,0,
LAB-357,263,cold_chain,PCM panel flat pack,phase change panel,white melamine cleanroom table,"warm neutral side light, still clinical",low angle tracking slide,Active,0,
LAB-413,264,surfaces_org,stainless utility cart two shelf,cart shelves,brushed stainless steel lab bench,"warm neutral side light, still clinical",low angle tracking slide,Active,0,
LAB-438,265,packaging,induction-sealed bottle mouth macro,seal wad macro,textured slate sample board,split soft key and gentle bounce,circular arc that never fully completes,Active,0,
LAB-468,266,ppe_sterile,respirator cartridges in pack unused,cartridges sealed,textured slate sample board,"soft overhead softbox, even catalog lighting",locked tripod hero frame with subtle push,Active,0,
LAB-028,267,vials_containers,vial standing in stainless steel vial block,precision machined block holding one vial,textured slate sample board,"soft overhead softbox, even catalog lighting",locked tripod hero frame with subtle push,Active,0,
LAB-278,268,research_pens,research pen with translucent smoke barrel,smoke tint showing liquid,textured slate sample board,split soft key and gentle bounce,circular arc that never fully completes,Active,0,
LAB-093,269,glassware,mortar and pestle porcelain clean,"lab porcelain set, unused clean",brushed stainless steel lab bench,"warm neutral side light, still clinical",low angle tracking slide,Active,0,
LAB-164,270,instruments,single quartz cuvette in foam well,"exactly one clear cuvette seated in foam, adjacent wells empty",dark charcoal epoxy resin countertop,"soft overhead softbox, even catalog lighting",locked tripod hero frame with subtle push,Active,0,
LAB-328,271,liquid_handling,wide-bore pipette tips for viscous samples,wide orifice tips,textured slate sample board,low-key selective highlight on glass edges,fast resolve into locked hero frame,Active,0,
LAB-358,272,cold_chain,dry ice chest exterior closed labeled research,chest exterior,textured slate sample board,split soft key and gentle bounce,circular arc that never fully completes,Active,0,
LAB-414,273,surfaces_org,lab stool base only cropped,"base, no person",dark charcoal epoxy resin countertop,split soft key and gentle bounce,circular arc that never fully completes,Active,0,
LAB-439,274,packaging,carton with perforation tear strip,tear strip,soft gray seamless paper backdrop,high-key seamless catalog lighting,vertical rise from base to label,Active,0,
LAB-469,275,ppe_sterile,half-mask respirator unused on tray,mask object no wearing,soft gray seamless paper backdrop,"warm neutral side light, still clinical",low angle tracking slide,Active,0,
LAB-029,276,vials_containers,amber vial backlit to show liquid meniscus,"meniscus sharp, liquid clarity visible",soft gray seamless paper backdrop,"warm neutral side light, still clinical",low angle tracking slide,Active,0,
LAB-279,277,research_pens,research pen docked in display stand prop,stand is display only,soft gray seamless paper backdrop,high-key seamless catalog lighting,vertical rise from base to label,Active,0,
LAB-094,278,glassware,glass stirring mantle flask setup dry,"flask in heating mantle, power off, still",dark charcoal epoxy resin countertop,split soft key and gentle bounce,circular arc that never fully completes,Active,0,
LAB-165,279,instruments,HPLC system front panel detail,"instrument face, status idle",cool gray ceramic tile,"warm neutral side light, still clinical",low angle tracking slide,Active,0,
LAB-329,280,liquid_handling,filtered pipette tips sterile rack purple,purple filter tips,soft gray seamless paper backdrop,soft rim light from behind,slow 360 degree orbit at eye level,Active,0,
LAB-359,281,cold_chain,cryo label kit freezer-grade,cryo labels,soft gray seamless paper backdrop,high-key seamless catalog lighting,vertical rise from base to label,Active,0,
LAB-415,282,surfaces_org,anti-fatigue mat section with tray,mat + tray,cool gray ceramic tile,high-key seamless catalog lighting,vertical rise from base to label,Active,0,
LAB-440,283,packaging,mailer with foam corners kit,protective corners,anodized aluminum tray,low-key selective highlight on glass edges,fast resolve into locked hero frame,Active,0,
LAB-470,284,ppe_sterile,safety glasses anti-fog cloth kit,cloth kit,anodized aluminum tray,split soft key and gentle bounce,circular arc that never fully completes,Active,0,
LAB-030,285,vials_containers,clear vial with colored cap insert blue,"blue cap insert, inventory coding",anodized aluminum tray,split soft key and gentle bounce,circular arc that never fully completes,Active,0,
LAB-280,286,research_pens,research pen beside torque-test fixture,QA fixture and pen,anodized aluminum tray,low-key selective highlight on glass edges,fast resolve into locked hero frame,Active,0,
LAB-095,287,glassware,Kjeldahl flask,long-neck flask silhouette,cool gray ceramic tile,high-key seamless catalog lighting,vertical rise from base to label,Active,0,
LAB-166,288,instruments,fraction collector carousel,carousel empty tubes,mirrored chrome instrument tray,split soft key and gentle bounce,circular arc that never fully completes,Active,0,
LAB-330,289,liquid_handling,pipette calibration balance kit case,calibration kit,anodized aluminum tray,cool clinical blue-white LED,extreme macro push-in,Active,0,
LAB-360,290,cold_chain,freezer tape roll white,freezer tape,anodized aluminum tray,low-key selective highlight on glass edges,fast resolve into locked hero frame,Active,0,
LAB-416,291,surfaces_org,chemical storage cabinet closed flammable,yellow cabinet closed,mirrored chrome instrument tray,low-key selective highlight on glass edges,fast resolve into locked hero frame,Active,0,
LAB-441,292,packaging,rigid plastic vial wallet,wallet case,polished black reflective acrylic,soft rim light from behind,slow 360 degree orbit at eye level,Active,0,
LAB-471,293,ppe_sterile,finger cots box,finger cots,polished black reflective acrylic,high-key seamless catalog lighting,vertical rise from base to label,Active,0,
LAB-031,294,vials_containers,research vial on anti-vibration pad,small black lab pad under vial base,polished black reflective acrylic,high-key seamless catalog lighting,vertical rise from base to label,Active,0,
LAB-281,295,research_pens,research pen clip detail macro,metal clip extreme macro,polished black reflective acrylic,soft rim light from behind,slow 360 degree orbit at eye level,Active,0,
LAB-096,296,glassware,gas washing bottle,Drechsel bottle form,mirrored chrome instrument tray,low-key selective highlight on glass edges,fast resolve into locked hero frame,Active,0,
LAB-167,297,instruments,gel electrophoresis tank empty,tank and lid beside,white melamine cleanroom table,high-key seamless catalog lighting,vertical rise from base to label,Active,0,
LAB-331,298,liquid_handling,bottle-top aspirator,aspirator unit,polished black reflective acrylic,single hard key light with controlled fill,gentle top-down descending move,Active,0,
LAB-361,299,cold_chain,cryobox cardboard 10x10 with partial vials,partially filled,polished black reflective acrylic,soft rim light from behind,slow 360 degree orbit at eye level,Active,0,
LAB-417,300,surfaces_org,acid cabinet blue closed,blue cabinet,white melamine cleanroom table,soft rim light from behind,slow 360 degree orbit at eye level,Active,0,
LAB-442,301,packaging,aluminum bottle for light-sensitive reagent,alu bottle,matte pure white infinity surface,cool clinical blue-white LED,extreme macro push-in,Active,0,
LAB-472,302,ppe_sterile,single sterile glove individually wrapped,exactly one wrapped sterile glove,matte pure white infinity surface,low-key selective highlight on glass edges,fast resolve into locked hero frame,Active,0,
LAB-032,303,vials_containers,septum vial with needle-free research adapter nearby,"adapter as object only, no injection into skin",matte pure white infinity surface,low-key selective highlight on glass edges,fast resolve into locked hero frame,Active,0,
LAB-282,304,research_pens,research pen rubber grip section macro,grip texture,matte pure white infinity surface,cool clinical blue-white LED,extreme macro push-in,Active,0,
LAB-097,305,glassware,glass syringe without needle research only,"glass barrel and plunger only, NO needle attached",white melamine cleanroom table,soft rim light from behind,slow 360 degree orbit at eye level,Active,0,
LAB-168,306,instruments,power supply for electrophoresis,compact power supply unit,textured slate sample board,low-key selective highlight on glass edges,fast resolve into locked hero frame,Active,0,
LAB-332,307,liquid_handling,vacuum aspiration pipette controller,aspiration tool,matte pure white infinity surface,"soft overhead softbox, even catalog lighting",locked tripod hero frame with subtle push,Active,0,
LAB-362,308,cold_chain,polycarbonate cryobox latch closed,latched box,matte pure white infinity surface,cool clinical blue-white LED,extreme macro push-in,Active,0,
LAB-418,309,surfaces_org,gas cylinder restraint chain detail,"restraint hardware, no hazard scene",textured slate sample board,cool clinical blue-white LED,extreme macro push-in,Active,0,
LAB-443,310,packaging,pump spray research solvent bottle empty,spray bottle,brushed stainless steel lab bench,single hard key light with controlled fill,gentle top-down descending move,Active,0,
LAB-473,311,ppe_sterile,cleanroom paper ream,paper,brushed stainless steel lab bench,soft rim light from behind,slow 360 degree orbit at eye level,Active,0,
LAB-033,312,vials_containers,glass vial with desiccant canister beside it,small desiccant tin next to sealed vial,brushed stainless steel lab bench,soft rim light from behind,slow 360 degree orbit at eye level,Active,0,
LAB-283,313,research_pens,research pen dial click collar engraved,collar engraving,brushed stainless steel lab bench,single hard key light with controlled fill,gentle top-down descending move,Active,0,
LAB-098,314,glassware,Luer-lock glass barrel capped,"capped research barrel, no needle",textured slate sample board,cool clinical blue-white LED,extreme macro push-in,Active,0,
LAB-169,315,instruments,laminar flow hood interior empty product tray,"hood interior, stainless work tray with vial",soft gray seamless paper backdrop,soft rim light from behind,slow 360 degree orbit at eye level,Active,0,
LAB-333,316,liquid_handling,single serological pipette individually wrapped,"exactly one wrapped pipette, no bundle stack",brushed stainless steel lab bench,"warm neutral side light, still clinical",low angle tracking slide,Active,0,
LAB-363,317,cold_chain,cold brick stack of two,stacked bricks,brushed stainless steel lab bench,single hard key light with controlled fill,gentle top-down descending move,Active,0,
LAB-419,318,surfaces_org,cylinder cap and valve cover,cap hardware,soft gray seamless paper backdrop,single hard key light with controlled fill,gentle top-down descending move,Active,0,
LAB-444,319,packaging,assembled research dropper bottle sealed,one complete sealed dropper bottle only,dark charcoal epoxy resin countertop,"soft overhead softbox, even catalog lighting",locked tripod hero frame with subtle push,Active,0,
LAB-474,320,ppe_sterile,cleanroom notebooks pack,notebooks,dark charcoal epoxy resin countertop,cool clinical blue-white LED,extreme macro push-in,Active,0,
LAB-034,321,vials_containers,amber vial wrapped in light-protective sleeve,black sleeve partially covering amber glass,dark charcoal epoxy resin countertop,cool clinical blue-white LED,extreme macro push-in,Active,0,
LAB-284,322,research_pens,research pen in vertical acrylic tower,tower display,dark charcoal epoxy resin countertop,"soft overhead softbox, even catalog lighting",locked tripod hero frame with subtle push,Active,0,
LAB-099,323,glassware,microscope slide box open showing slides,box of blank slides,soft gray seamless paper backdrop,single hard key light with controlled fill,gentle top-down descending move,Active,0,
LAB-170,324,instruments,biosafety cabinet sash closed exterior,cabinet exterior only,anodized aluminum tray,cool clinical blue-white LED,extreme macro push-in,Active,0,
LAB-334,325,liquid_handling,bulb pipette filler classic,rubber bulb filler,dark charcoal epoxy resin countertop,split soft key and gentle bounce,circular arc that never fully completes,Active,0,
LAB-364,326,cold_chain,insulated bottle carrier for reagents,carrier,dark charcoal epoxy resin countertop,"soft overhead softbox, even catalog lighting",locked tripod hero frame with subtle push,Active,0,
LAB-420,327,surfaces_org,bench linear organizer with vials pens,organizer loaded,anodized aluminum tray,"soft overhead softbox, even catalog lighting",locked tripod hero frame with subtle push,Active,0,
LAB-445,328,packaging,measuring scoop nested sizes,scoops,cool gray ceramic tile,"warm neutral side light, still clinical",low angle tracking slide,Active,0,
LAB-475,329,ppe_sterile,sticky roller for garments,lint roller,cool gray ceramic tile,single hard key light with controlled fill,gentle top-down descending move,Active,0,
LAB-035,330,vials_containers,clear vial with batch tag string tie,"small paper tag tied to neck, catalog prop",cool gray ceramic tile,single hard key light with controlled fill,gentle top-down descending move,Active,0,
LAB-285,331,research_pens,research pen kit tin open,metal tin packaging,cool gray ceramic tile,"warm neutral side light, still clinical",low angle tracking slide,Active,0,
LAB-100,332,glassware,cover slips in plastic dispenser,square cover glass pack,anodized aluminum tray,"soft overhead softbox, even catalog lighting",locked tripod hero frame with subtle push,Active,0,
LAB-171,333,instruments,autoclave tape roll and indicator vial,sterility indicators as objects,polished black reflective acrylic,single hard key light with controlled fill,gentle top-down descending move,Active,0,
LAB-335,334,liquid_handling,motorized pipette filler,electronic filler,cool gray ceramic tile,high-key seamless catalog lighting,vertical rise from base to label,Active,0,
LAB-365,335,cold_chain,refrigerated centrifuge rotor lid,rotor lid object,cool gray ceramic tile,"warm neutral side light, still clinical",low angle tracking slide,Active,0,
LAB-421,336,surfaces_org,drawer organizer custom vial wells,custom wells,polished black reflective acrylic,"warm neutral side light, still clinical",low angle tracking slide,Active,0,
LAB-446,337,packaging,desiccant canister indicating unused,indicator desiccant,mirrored chrome instrument tray,split soft key and gentle bounce,circular arc that never fully completes,Active,0,
LAB-476,338,ppe_sterile,garment bag hanging empty,bag,mirrored chrome instrument tray,"soft overhead softbox, even catalog lighting",locked tripod hero frame with subtle push,Active,0,
LAB-036,339,vials_containers,vial in clear acrylic display stand,"angled acrylic stand, product-hero pose",mirrored chrome instrument tray,"soft overhead softbox, even catalog lighting",locked tripod hero frame with subtle push,Active,0,
LAB-286,340,research_pens,research pen with one spare cartridge,"one pen and one cartridge only, no duplicate pens",mirrored chrome instrument tray,split soft key and gentle bounce,circular arc that never fully completes,Active,0,
LAB-301,341,glassware,Schlenk flask with side arm stopcock,airfree glassware,polished black reflective acrylic,"warm neutral side light, still clinical",low angle tracking slide,Active,0,
LAB-172,342,instruments,lab oven window view empty shelves,drying oven,matte pure white infinity surface,"soft overhead softbox, even catalog lighting",locked tripod hero frame with subtle push,Active,0,
LAB-336,343,liquid_handling,reagent reservoir 12-column,divided reservoir,mirrored chrome instrument tray,low-key selective highlight on glass edges,fast resolve into locked hero frame,Active,0,
LAB-366,344,cold_chain,pre-chilled aluminum tube block,cold block,mirrored chrome instrument tray,split soft key and gentle bounce,circular arc that never fully completes,Active,0,
LAB-422,345,surfaces_org,wall-mounted glove dispenser empty slots,dispenser,matte pure white infinity surface,split soft key and gentle bounce,circular arc that never fully completes,Active,0,
LAB-447,346,packaging,humidity control pack for cabinets,cabinet pack,white melamine cleanroom table,high-key seamless catalog lighting,vertical rise from base to label,Active,0,
LAB-477,347,ppe_sterile,laundry hamper closed cleanroom,hamper,white melamine cleanroom table,"warm neutral side light, still clinical",low angle tracking slide,Active,0,
LAB-037,348,vials_containers,wide-mouth powder research jar sealed,"clear jar of lyophilized powder, sealed lid",white melamine cleanroom table,"warm neutral side light, still clinical",low angle tracking slide,Active,0,
LAB-287,349,research_pens,research pen under polarizing light tent,soft tent lighting product,white melamine cleanroom table,high-key seamless catalog lighting,vertical rise from base to label,Active,0,
LAB-302,350,glassware,pear-shaped flask,recovery flask shape,matte pure white infinity surface,split soft key and gentle bounce,circular arc that never fully completes,Active,0,
LAB-173,351,instruments,vacuum pump compact oil-free,bench vacuum pump,brushed stainless steel lab bench,"warm neutral side light, still clinical",low angle tracking slide,Active,0,
LAB-337,352,liquid_handling,trough for 16-channel pipette,wide trough,white melamine cleanroom table,soft rim light from behind,slow 360 degree orbit at eye level,Active,0,
LAB-367,353,cold_chain,cooling core for shipper,replaceable core,white melamine cleanroom table,high-key seamless catalog lighting,vertical rise from base to label,Active,0,
LAB-423,354,surfaces_org,paper towel dispenser stainless lab,dispenser,brushed stainless steel lab bench,high-key seamless catalog lighting,vertical rise from base to label,Active,0,
LAB-448,355,packaging,tamper sleeve on carton,sleeve,textured slate sample board,low-key selective highlight on glass edges,fast resolve into locked hero frame,Active,0,
LAB-478,356,ppe_sterile,PPE size placard stand,placard,textured slate sample board,split soft key and gentle bounce,circular arc that never fully completes,Active,0,
LAB-038,357,vials_containers,amber powder jar with scoop nested on lid,"lab scoop resting on sealed jar, no hands",textured slate sample board,split soft key and gentle bounce,circular arc that never fully completes,Active,0,
LAB-288,358,research_pens,research pen on carbon-fiber sample plate,tech plate surface,textured slate sample board,low-key selective highlight on glass edges,fast resolve into locked hero frame,Active,0,
LAB-303,359,glassware,filter flask with ceramic Buchner funnel seated,filtration assembly dry,brushed stainless steel lab bench,high-key seamless catalog lighting,vertical rise from base to label,Active,0,
LAB-174,360,instruments,diaphragm vacuum gauge,analog/digital gauge,dark charcoal epoxy resin countertop,split soft key and gentle bounce,circular arc that never fully completes,Active,0,
LAB-338,361,liquid_handling,disposable transfer pipette pack,plastic transfer pipettes,textured slate sample board,cool clinical blue-white LED,extreme macro push-in,Active,0,
LAB-368,362,cold_chain,thermal pallet cover folded,cover fabric,textured slate sample board,low-key selective highlight on glass edges,fast resolve into locked hero frame,Active,0,
LAB-424,363,surfaces_org,hands-free sensor trash can closed lab,bin closed,dark charcoal epoxy resin countertop,low-key selective highlight on glass edges,fast resolve into locked hero frame,Active,0,
LAB-449,364,packaging,security tape on shipper seam,tape seam,soft gray seamless paper backdrop,soft rim light from behind,slow 360 degree orbit at eye level,Active,0,
LAB-479,365,ppe_sterile,eye wash sign placard only,sign,soft gray seamless paper backdrop,high-key seamless catalog lighting,vertical rise from base to label,Active,0,
LAB-039,366,vials_containers,micro-vial 0.5ml with tiny label,"very small vial, macroscopic detail",soft gray seamless paper backdrop,high-key seamless catalog lighting,vertical rise from base to label,Active,0,
LAB-289,367,research_pens,research pen tip-cap forest green,color-coded tip cap,soft gray seamless paper backdrop,soft rim light from behind,slow 360 degree orbit at eye level,Active,0,
LAB-304,368,glassware,addition funnel graduated,dropping funnel,dark charcoal epoxy resin countertop,low-key selective highlight on glass edges,fast resolve into locked hero frame,Active,0,
LAB-175,369,instruments,sonic bath lid closed,ultrasonic cleaner,cool gray ceramic tile,high-key seamless catalog lighting,vertical rise from base to label,Active,0,
LAB-339,370,liquid_handling,Pasteur pipette rubber bulbs bag,bulbs only,soft gray seamless paper backdrop,single hard key light with controlled fill,gentle top-down descending move,Active,0,
LAB-369,371,cold_chain,cold chain SOP binder spine only,binder spine,soft gray seamless paper backdrop,soft rim light from behind,slow 360 degree orbit at eye level,Active,0,
LAB-425,372,surfaces_org,recycling bin for tip boxes labeled,recycling,cool gray ceramic tile,soft rim light from behind,slow 360 degree orbit at eye level,Active,0,
LAB-450,373,packaging,QR code label sheet blank destination,QR labels,anodized aluminum tray,cool clinical blue-white LED,extreme macro push-in,Active,0,
LAB-480,374,ppe_sterile,spill sock absorbent coiled,sock,anodized aluminum tray,low-key selective highlight on glass edges,fast resolve into locked hero frame,Active,0,
LAB-040,375,vials_containers,research vial next to calibrated weight set,vial and stainless calibration weights,anodized aluminum tray,low-key selective highlight on glass edges,fast resolve into locked hero frame,Active,0,
LAB-290,376,research_pens,research pen body disassembled halves,"two housing halves, no sharps",anodized aluminum tray,cool clinical blue-white LED,extreme macro push-in,Active,0,
LAB-305,377,glassware,Claisen adapter glass,distillation adapter,cool gray ceramic tile,soft rim light from behind,slow 360 degree orbit at eye level,Active,0,
LAB-176,378,instruments,lab microwave digester exterior,closed unit,mirrored chrome instrument tray,low-key selective highlight on glass edges,fast resolve into locked hero frame,Active,0,
LAB-340,379,liquid_handling,syringe pump bare with research syringe glass,pump and glass syringe no needle,anodized aluminum tray,"soft overhead softbox, even catalog lighting",locked tripod hero frame with subtle push,Active,0,
LAB-370,380,cold_chain,ice sleeve for single conical tube,tube sleeve,anodized aluminum tray,cool clinical blue-white LED,extreme macro push-in,Active,0,
LAB-426,381,surfaces_org,floor marked tape grid sample,tape grid,mirrored chrome instrument tray,cool clinical blue-white LED,extreme macro push-in,Active,0,
LAB-451,382,packaging,lot sticker sheets color coded,stickers,polished black reflective acrylic,single hard key light with controlled fill,gentle top-down descending move,Active,0,
LAB-481,383,ppe_sterile,neutralizer powder bottle,bottle,polished black reflective acrylic,soft rim light from behind,slow 360 degree orbit at eye level,Active,0,
LAB-251,384,vials_containers,cobalt blue glass research vial sealed,"blue glass UV protection, crimp seal",polished black reflective acrylic,single hard key light with controlled fill,gentle top-down descending move,Active,0,
LAB-291,385,research_pens,research pen with serialized sticker blank,blank serial panel,polished black reflective acrylic,single hard key light with controlled fill,gentle top-down descending move,Active,0,
LAB-306,386,glassware,Y-adapter vacuum,glass adapter,mirrored chrome instrument tray,cool clinical blue-white LED,extreme macro push-in,Active,0,
LAB-177,387,instruments,fume hood sash partially open with empty clamp,"hood as environment, product clamp empty",white melamine cleanroom table,soft rim light from behind,slow 360 degree orbit at eye level,Active,0,
LAB-341,388,liquid_handling,microfluidic chip in petri carrier,chip on dish,polished black reflective acrylic,"warm neutral side light, still clinical",low angle tracking slide,Active,0,
LAB-371,389,cold_chain,frost-free freezer shelf bin labeled research,bin label research,polished black reflective acrylic,single hard key light with controlled fill,gentle top-down descending move,Active,0,
LAB-427,390,surfaces_org,cleanroom light panel glow on products,products under panel,white melamine cleanroom table,single hard key light with controlled fill,gentle top-down descending move,Active,0,
LAB-452,391,packaging,pack insert accordion folded,insert,matte pure white infinity surface,"soft overhead softbox, even catalog lighting",locked tripod hero frame with subtle push,Active,0,
LAB-482,392,ppe_sterile,chemical absorbent pads stack,pads,matte pure white infinity surface,cool clinical blue-white LED,extreme macro push-in,Active,0,
LAB-252,393,vials_containers,clear vial with flip-off seal green,plastic flip-off button over stopper,matte pure white infinity surface,"soft overhead softbox, even catalog lighting",locked tripod hero frame with subtle push,Active,0,
LAB-292,394,research_pens,research pen in velvet-lined evaluation box,evaluation kit box,matte pure white infinity surface,"soft overhead softbox, even catalog lighting",locked tripod hero frame with subtle push,Active,0,
LAB-307,395,glassware,cold finger condenser,cold finger form,white melamine cleanroom table,single hard key light with controlled fill,gentle top-down descending move,Active,0,
LAB-178,396,instruments,anti-static bar on packaging station,pack desk tools,textured slate sample board,cool clinical blue-white LED,extreme macro push-in,Active,0,
LAB-342,397,liquid_handling,tubing kit silicone assorted diameters,coiled tubing,matte pure white infinity surface,split soft key and gentle bounce,circular arc that never fully completes,Active,0,
LAB-372,398,cold_chain,single cryogenic glove on box lid,"exactly one cryo glove displayed, box as prop only",matte pure white infinity surface,"soft overhead softbox, even catalog lighting",locked tripod hero frame with subtle push,Active,0,
LAB-428,399,surfaces_org,HEPA filter grill exterior,grill,textured slate sample board,"soft overhead softbox, even catalog lighting",locked tripod hero frame with subtle push,Active,0,
LAB-453,400,packaging,silica gel pillow packs,pillows,brushed stainless steel lab bench,"warm neutral side light, still clinical",low angle tracking slide,Active,0,
LAB-483,401,ppe_sterile,waste bag stand with labeled bag empty,stand,brushed stainless steel lab bench,single hard key light with controlled fill,gentle top-down descending move,Active,0,
LAB-253,402,vials_containers,amber vial with measured fill to shoulder,"fill line at shoulder, clinical clarity",brushed stainless steel lab bench,"warm neutral side light, still clinical",low angle tracking slide,Active,0,
LAB-293,403,research_pens,research pen silhouette against soft gradient gray,catalog silhouette,brushed stainless steel lab bench,"warm neutral side light, still clinical",low angle tracking slide,Active,0,
LAB-308,404,glassware,jacketed beaker,reaction beaker jacket,textured slate sample board,"soft overhead softbox, even catalog lighting",locked tripod hero frame with subtle push,Active,0,
LAB-179,405,instruments,barcode scanner beside vial,scanner gun and vial,soft gray seamless paper backdrop,single hard key light with controlled fill,gentle top-down descending move,Active,0,
LAB-343,406,liquid_handling,quick-connect luer fittings tray,fittings assortment,brushed stainless steel lab bench,high-key seamless catalog lighting,vertical rise from base to label,Active,0,
LAB-373,407,cold_chain,face shield for cryo boxed,shield packaging,brushed stainless steel lab bench,"warm neutral side light, still clinical",low angle tracking slide,Active,0,
LAB-429,408,surfaces_org,magnehelic gauge on wall,pressure gauge,soft gray seamless paper backdrop,"warm neutral side light, still clinical",low angle tracking slide,Active,0,
LAB-454,409,packaging,foam-in-place corner blocks,corners,dark charcoal epoxy resin countertop,split soft key and gentle bounce,circular arc that never fully completes,Active,0,
LAB-484,410,ppe_sterile,sharps container wall bracket empty mount,bracket,dark charcoal epoxy resin countertop,"soft overhead softbox, even catalog lighting",locked tripod hero frame with subtle push,Active,0,
LAB-254,411,vials_containers,single vial in clear clamshell well,"exactly one vial in open clamshell, second well empty",dark charcoal epoxy resin countertop,split soft key and gentle bounce,circular arc that never fully completes,Active,0,
LAB-294,412,research_pens,research pen next to thickness gauge,metrology still,dark charcoal epoxy resin countertop,split soft key and gentle bounce,circular arc that never fully completes,Active,0,
LAB-309,413,glassware,crystallizer dish jacketed,temp-controlled dish,soft gray seamless paper backdrop,"warm neutral side light, still clinical",low angle tracking slide,Active,0,
LAB-180,414,instruments,label printer with research label stock,desktop lab printer,anodized aluminum tray,"soft overhead softbox, even catalog lighting",locked tripod hero frame with subtle push,Active,0,
LAB-344,415,liquid_handling,check valve luer set,valves,dark charcoal epoxy resin countertop,low-key selective highlight on glass edges,fast resolve into locked hero frame,Active,0,
LAB-374,416,cold_chain,cryo cane numbered tags,tags,dark charcoal epoxy resin countertop,split soft key and gentle bounce,circular arc that never fully completes,Active,0,
LAB-430,417,surfaces_org,room differential pressure display,display,anodized aluminum tray,split soft key and gentle bounce,circular arc that never fully completes,Active,0,
LAB-455,418,packaging,molded pulp egg-crate for vials,pulp tray,cool gray ceramic tile,high-key seamless catalog lighting,vertical rise from base to label,Active,0,
LAB-485,419,ppe_sterile,biohazard label roll,labels,cool gray ceramic tile,"warm neutral side light, still clinical",low angle tracking slide,Active,0,
LAB-255,420,vials_containers,vial with RFID collar ring installed,inventory collar on neck,cool gray ceramic tile,high-key seamless catalog lighting,vertical rise from base to label,Active,0,
LAB-295,421,research_pens,research pen capped catalog hero,"exactly one capped research pen, no uncapped duplicate",cool gray ceramic tile,high-key seamless catalog lighting,vertical rise from base to label,Active,0,
LAB-310,422,glassware,glass reaction tube sealed,pressure tube,anodized aluminum tray,split soft key and gentle bounce,circular arc that never fully completes,Active,0,
LAB-376,423,instruments,microplate reader closed,plate reader instrument,mirrored chrome instrument tray,low-key selective highlight on glass edges,fast resolve into locked hero frame,Active,0,
LAB-345,424,liquid_handling,in-line filter capsule,capsule filter,cool gray ceramic tile,soft rim light from behind,slow 360 degree orbit at eye level,Active,0,
LAB-375,425,cold_chain,vapor plug for dry shipper,plug component,cool gray ceramic tile,high-key seamless catalog lighting,vertical rise from base to label,Active,0,
LAB-431,426,surfaces_org,interlocking pass cart,cart,polished black reflective acrylic,high-key seamless catalog lighting,vertical rise from base to label,Active,0,
LAB-456,427,packaging,PET clamshell with single research pen,"clamshell holding exactly one pen, second cavity empty",mirrored chrome instrument tray,low-key selective highlight on glass edges,fast resolve into locked hero frame,Active,0,
LAB-256,428,vials_containers,research vial in individual carton window,window shows glass,mirrored chrome instrument tray,low-key selective highlight on glass edges,fast resolve into locked hero frame,Active,0,
LAB-296,429,research_pens,compact research pen titanium-look shell,metallic shell,mirrored chrome instrument tray,low-key selective highlight on glass edges,fast resolve into locked hero frame,Active,0,
LAB-311,430,glassware,NMR spinner turbine with tube,spinner and tube,polished black reflective acrylic,high-key seamless catalog lighting,vertical rise from base to label,Active,0,
LAB-377,431,instruments,qPCR machine lid closed,thermocycler exterior,white melamine cleanroom table,soft rim light from behind,slow 360 degree orbit at eye level,Active,0,
LAB-346,432,liquid_handling,sterile media bag empty folded,bioprocess bag folded,mirrored chrome instrument tray,cool clinical blue-white LED,extreme macro push-in,Active,0,
LAB-432,433,surfaces_org,gowning bench empty,bench no person,matte pure white infinity surface,low-key selective highlight on glass edges,fast resolve into locked hero frame,Active,0,
LAB-457,434,packaging,kraft tube mailer for pen,tube mailer,white melamine cleanroom table,soft rim light from behind,slow 360 degree orbit at eye level,Active,0,
LAB-257,435,vials_containers,silicone-coated vial for sticky compounds,special interior coating sheen,white melamine cleanroom table,soft rim light from behind,slow 360 degree orbit at eye level,Active,0,
LAB-297,436,research_pens,research pen with soft-touch overmold,overmold texture,white melamine cleanroom table,soft rim light from behind,slow 360 degree orbit at eye level,Active,0,
LAB-312,437,glassware,cuvette rack acrylic holding four,cuvette organizer,matte pure white infinity surface,low-key selective highlight on glass edges,fast resolve into locked hero frame,Active,0,
LAB-378,438,instruments,thermocycler block alone empty,metal block,textured slate sample board,cool clinical blue-white LED,extreme macro push-in,Active,0,
LAB-347,439,liquid_handling,bag spike port cover set,port covers,white melamine cleanroom table,single hard key light with controlled fill,gentle top-down descending move,Active,0,
LAB-433,440,surfaces_org,bootie dispenser box,dispenser box,brushed stainless steel lab bench,soft rim light from behind,slow 360 degree orbit at eye level,Active,0,
LAB-458,441,packaging,windowless matte black carton research,black carton,textured slate sample board,cool clinical blue-white LED,extreme macro push-in,Active,0,
LAB-258,442,vials_containers,vial with colored break-ring neck,score ring visible,textured slate sample board,cool clinical blue-white LED,extreme macro push-in,Active,0,
LAB-298,443,research_pens,research pen window showing piston position,piston visible,textured slate sample board,cool clinical blue-white LED,extreme macro push-in,Active,0,
LAB-313,444,glassware,flow cell glass optical,optical flow cell,brushed stainless steel lab bench,soft rim light from behind,slow 360 degree orbit at eye level,Active,0,
LAB-379,445,instruments,gel imager darkroom unit closed,imager,soft gray seamless paper backdrop,single hard key light with controlled fill,gentle top-down descending move,Active,0,
LAB-348,446,liquid_handling,graduated conical tube 50ml rack,conical tubes in rack,textured slate sample board,"soft overhead softbox, even catalog lighting",locked tripod hero frame with subtle push,Active,0,
LAB-434,447,surfaces_org,gowning mirror frame empty soft reflection,empty mirror area soft,dark charcoal epoxy resin countertop,cool clinical blue-white LED,extreme macro push-in,Active,0,
LAB-459,448,packaging,soft-touch laminate carton,soft touch pack,soft gray seamless paper backdrop,single hard key light with controlled fill,gentle top-down descending move,Active,0,
LAB-259,449,vials_containers,heavy-wall pressure vial,thick glass research vial,soft gray seamless paper backdrop,single hard key light with controlled fill,gentle top-down descending move,Active,0,
LAB-299,450,research_pens,research pen on linen lab wipe folded,wipe as surface,soft gray seamless paper backdrop,single hard key light with controlled fill,gentle top-down descending move,Active,0,
LAB-314,451,glassware,Soxhlet extractor assembled dry,extractor glassware,dark charcoal epoxy resin countertop,cool clinical blue-white LED,extreme macro push-in,Active,0,
LAB-380,452,instruments,western blot transfer tank,transfer tank,anodized aluminum tray,"soft overhead softbox, even catalog lighting",locked tripod hero frame with subtle push,Active,0,
LAB-349,453,liquid_handling,conical tube 15ml amber,amber conical,soft gray seamless paper backdrop,"warm neutral side light, still clinical",low angle tracking slide,Active,0,
LAB-435,454,surfaces_org,step-over bench cleanroom,bench,cool gray ceramic tile,single hard key light with controlled fill,gentle top-down descending move,Active,0,
LAB-460,455,packaging,carton with embossed logo blank area,emboss panel,anodized aluminum tray,"soft overhead softbox, even catalog lighting",locked tripod hero frame with subtle push,Active,0,
LAB-260,456,vials_containers,vial standing in CNC-machined aluminum puck,precision puck holder,anodized aluminum tray,"soft overhead softbox, even catalog lighting",locked tripod hero frame with subtle push,Active,0,
LAB-300,457,research_pens,research pen aligned to ruler for scale,scale reference,anodized aluminum tray,"soft overhead softbox, even catalog lighting",locked tripod hero frame with subtle push,Active,0,
LAB-315,458,glassware,Dean-Stark trap,trap apparatus,cool gray ceramic tile,single hard key light with controlled fill,gentle top-down descending move,Active,0,
LAB-381,459,instruments,rocking platform mixer,rocker,polished black reflective acrylic,"warm neutral side light, still clinical",low angle tracking slide,Active,0,
LAB-350,460,liquid_handling,screw-cap microtube amber 2ml,amber microtube,anodized aluminum tray,split soft key and gentle bounce,circular arc that never fully completes,Active,0,
LAB-261,461,vials_containers,clear vial with laser-etched lot panel blank,etched frosted rectangle,polished black reflective acrylic,"warm neutral side light, still clinical",low angle tracking slide,Active,0,
LAB-316,462,glassware,gas burette,gas measurement glass,mirrored chrome instrument tray,"soft overhead softbox, even catalog lighting",locked tripod hero frame with subtle push,Active,0,
LAB-382,463,instruments,3D nutating mixer,nutator,matte pure white infinity surface,split soft key and gentle bounce,circular arc that never fully completes,Active,0,
LAB-262,464,vials_containers,amber vial beside silica canister mini,desiccant neighbor,matte pure white infinity surface,split soft key and gentle bounce,circular arc that never fully completes,Active,0,
LAB-317,465,glassware,pycnometer bottle,density bottle,white melamine cleanroom table,"warm neutral side light, still clinical",low angle tracking slide,Active,0,
LAB-383,466,instruments,overhead stirrer motor on stand,stirrer motor,brushed stainless steel lab bench,high-key seamless catalog lighting,vertical rise from base to label,Active,0,
LAB-263,467,vials_containers,vial rack aluminum 5x10 empty slots with one vial,mostly empty rack hero,brushed stainless steel lab bench,high-key seamless catalog lighting,vertical rise from base to label,Active,0,
LAB-318,468,glassware,specific gravity bottle,glass density ware,textured slate sample board,split soft key and gentle bounce,circular arc that never fully completes,Active,0,
LAB-384,469,instruments,homogenizer probe parked in stand,probe stand,dark charcoal epoxy resin countertop,low-key selective highlight on glass edges,fast resolve into locked hero frame,Active,0,
LAB-264,470,vials_containers,crimped vial under magnifying dome lamp light,inspection lighting,dark charcoal epoxy resin countertop,low-key selective highlight on glass edges,fast resolve into locked hero frame,Active,0,
LAB-319,471,glassware,wide dilution bottle research,wide dilution bottle,soft gray seamless paper backdrop,high-key seamless catalog lighting,vertical rise from base to label,Active,0,
LAB-385,472,instruments,sonic probe tip set,probe tips,cool gray ceramic tile,soft rim light from behind,slow 360 degree orbit at eye level,Active,0,
LAB-265,473,vials_containers,research vial with heat-shrink neck band gold,gold band aesthetic catalog,cool gray ceramic tile,soft rim light from behind,slow 360 degree orbit at eye level,Active,0,
LAB-320,474,glassware,media Roux bottle flat,flat culture bottle,anodized aluminum tray,low-key selective highlight on glass edges,fast resolve into locked hero frame,Active,0,
LAB-386,475,instruments,lab homogenizer tube adapter,adapter,mirrored chrome instrument tray,cool clinical blue-white LED,extreme macro push-in,Active,0,
LAB-266,476,vials_containers,glass vial with plastic overcap tethered,tethered overcap,mirrored chrome instrument tray,cool clinical blue-white LED,extreme macro push-in,Active,0,
LAB-321,477,glassware,roller bottle cell culture empty,roller bottle,polished black reflective acrylic,soft rim light from behind,slow 360 degree orbit at eye level,Active,0,
LAB-387,478,instruments,vacuum concentrator closed,concentrator exterior,white melamine cleanroom table,single hard key light with controlled fill,gentle top-down descending move,Active,0,
LAB-267,479,vials_containers,microbarcoded vial close-up label area,tiny barcode zone,white melamine cleanroom table,single hard key light with controlled fill,gentle top-down descending move,Active,0,
LAB-322,480,glassware,spinner flask with impeller,impeller flask,matte pure white infinity surface,cool clinical blue-white LED,extreme macro push-in,Active,0,
LAB-388,481,instruments,lyophilizer chamber exterior,freeze dryer exterior,textured slate sample board,"soft overhead softbox, even catalog lighting",locked tripod hero frame with subtle push,Active,0,
LAB-268,482,vials_containers,vial in vacuum skin-pack card,carded vacuum pack,textured slate sample board,"soft overhead softbox, even catalog lighting",locked tripod hero frame with subtle push,Active,0,
LAB-323,483,glassware,glass desiccator plate alone,perforated plate,brushed stainless steel lab bench,single hard key light with controlled fill,gentle top-down descending move,Active,0,
LAB-389,484,instruments,manifold freeze dryer ports capped,ports capped,soft gray seamless paper backdrop,"warm neutral side light, still clinical",low angle tracking slide,Active,0,
LAB-269,485,vials_containers,clear vial suspended in acrylic block embed mock,acrylic block display prop,soft gray seamless paper backdrop,"warm neutral side light, still clinical",low angle tracking slide,Active,0,
LAB-324,486,glassware,weighing bottle tall form,glass weighing bottle,dark charcoal epoxy resin countertop,"soft overhead softbox, even catalog lighting",locked tripod hero frame with subtle push,Active,0,
LAB-390,487,instruments,rotary evaporator glassware dry assembled,rotovap glass,anodized aluminum tray,split soft key and gentle bounce,circular arc that never fully completes,Active,0,
LAB-270,488,vials_containers,amber vial next to calibrated pipette tip,scale reference still,anodized aluminum tray,split soft key and gentle bounce,circular arc that never fully completes,Active,0,
LAB-325,489,glassware,sample bomb cylinder small research closed,small sample cylinder closed,cool gray ceramic tile,"warm neutral side light, still clinical",low angle tracking slide,Active,0,
LAB-391,490,instruments,chiller recirculator compact,chiller unit,polished black reflective acrylic,high-key seamless catalog lighting,vertical rise from base to label,Active,0,
LAB-271,491,vials_containers,lyo vial with cake cracked texture visible,lyophilized cake detail,polished black reflective acrylic,high-key seamless catalog lighting,vertical rise from base to label,Active,0,
LAB-392,492,instruments,lab water bath lid on,water bath,matte pure white infinity surface,low-key selective highlight on glass edges,fast resolve into locked hero frame,Active,0,
LAB-272,493,vials_containers,vial with nitrogen headspace indication label,headspace note on label panel,matte pure white infinity surface,low-key selective highlight on glass edges,fast resolve into locked hero frame,Active,0,
LAB-393,494,instruments,oil bath pot empty clean,oil bath vessel,brushed stainless steel lab bench,soft rim light from behind,slow 360 degree orbit at eye level,Active,0,
LAB-273,495,vials_containers,research vial on anti-roll hexagonal base adapter,base adapter,brushed stainless steel lab bench,soft rim light from behind,slow 360 degree orbit at eye level,Active,0,
LAB-394,496,instruments,heating mantle nested sizes,mantles,dark charcoal epoxy resin countertop,cool clinical blue-white LED,extreme macro push-in,Active,0,
LAB-274,497,vials_containers,glass vial with ceramic print opaque white,ceramic baked label area,dark charcoal epoxy resin countertop,cool clinical blue-white LED,extreme macro push-in,Active,0,
LAB-395,498,instruments,PID temperature controller box,controller,cool gray ceramic tile,single hard key light with controlled fill,gentle top-down descending move,Active,0,
LAB-275,499,vials_containers,vial shipper insert pulp tray single well,molded pulp tray,cool gray ceramic tile,single hard key light with controlled fill,gentle top-down descending move,Active,0,
LAB-396,500,instruments,thermocouple wire spool,wire spool,mirrored chrome instrument tray,"soft overhead softbox, even catalog lighting",locked tripod hero frame with subtle push,Active,0,
