creation_id,compound_name,printed_name,mg,conc,vol,len_before,len_after
PBVita-Lab-206,BPC-157,BPC-157,10mg,1 mg/ml,10ml,4089,4805
PBVita-Lab-001,BPC-157,BPC-157,10mg,1 mg/ml,10ml,6040,6813
PBVita-Lab-397,TB-500,TB-500,10mg,1 mg/ml,10ml,5815,6587
PBVita-Lab-213,SS-31,SS-31,10mg,1 mg/ml,10ml,4073,4791
PBVita-Lab-066,AOD-9604,AOD-9604,10mg,1 mg/ml,10ml,5900,6674
PBVita-Lab-486,GHK-Cu,GHK-Cu,50mg,5 mg/ml,10ml,6062,6834
PBVita-Lab-041,MOTS-C,MOTS-C,20mg,2 mg/ml,10ml,5967,6739
PBVita-Lab-101,NAD+,NAD+,1000mg,100 mg/ml,10ml,5751,6485
PBVita-Lab-126,Sermorelin,Sermorelin,20mg,2 mg/ml,10ml,4120,4833
PBVita-Lab-181,Selank,Selank,10mg,1 mg/ml,10ml,5923,6695
PBVita-Lab-232,TA-1,TA-1,10mg,1 mg/ml,10ml,5790,6560
PBVita-Lab-231,Tesamorelin,Tesamorelin,30mg,3 mg/ml,10ml,5860,6637
PBVita-Lab-002,Cagrilintide,Cagrilintide,25mg,5 mg/ml,5ml,5839,6615
PBVita-Lab-398,CJC/Ipamorelin,CJC/Ipamorelin,10mg/10mg,1mg/1mg/ml,10ml,6040,6836
PBVita-Lab-133,GLOW,GLOW,10/10/50mg,1mg/1mg/5mg/ml,10ml,5781,6577
PBVita-Lab-067,KLOW,KLOW,10/10/10/50mg,1mg/1mg/1mg/10mg/ml,10ml,4052,4813
PBVita-Lab-487,Wolverine,Wolverine,10mg/10mg,1mg/1mg/ml,10ml,5972,6763
PBVita-Lab-042,BPC-157,BPC-157,10mg,1 mg/ml,10ml,4112,4828
PBVita-Lab-102,BPC-157,BPC-157,10mg,1 mg/ml,10ml,5859,6632
PBVita-Lab-130,TB-500,TB-500,10mg,1 mg/ml,10ml,5851,6623
PBVita-Lab-183,SS-31,SS-31,10mg,1 mg/ml,10ml,5938,6709
PBVita-Lab-234,AOD-9604,AOD-9604,10mg,1 mg/ml,10ml,5896,6670
PBVita-Lab-182,GHK-Cu,GHK-Cu,50mg,5 mg/ml,10ml,5798,6570
PBVita-Lab-003,MOTS-C,MOTS-C,20mg,2 mg/ml,10ml,5618,6344
PBVita-Lab-399,NAD+,NAD+,1000mg,100 mg/ml,10ml,5909,6687
PBVita-Lab-189,Sermorelin,Sermorelin,20mg,2 mg/ml,10ml,5817,6593
PBVita-Lab-068,Selank,Selank,10mg,1 mg/ml,10ml,5890,6662
PBVita-Lab-488,TA-1,TA-1,10mg,1 mg/ml,10ml,5778,6548
PBVita-Lab-043,Tesamorelin,Tesamorelin,30mg,3 mg/ml,10ml,5876,6653
PBVita-Lab-103,Cagrilintide,Cagrilintide,25mg,5 mg/ml,5ml,5882,6658
PBVita-Lab-131,CJC/Ipamorelin,CJC/Ipamorelin,10mg/10mg,1mg/1mg/ml,10ml,5845,6641
PBVita-Lab-184,GLOW,GLOW,10/10/50mg,1mg/1mg/5mg/ml,10ml,5735,6487
PBVita-Lab-236,KLOW,KLOW,10/10/10/50mg,1mg/1mg/1mg/10mg/ml,10ml,4096,4857
PBVita-Lab-207,Wolverine,Wolverine,10mg/10mg,1mg/1mg/ml,10ml,5905,6696
PBVita-Lab-004,BPC-157,BPC-157,10mg,1 mg/ml,10ml,5779,6552
PBVita-Lab-400,BPC-157,BPC-157,10mg,1 mg/ml,10ml,5867,6640
PBVita-Lab-214,TB-500,TB-500,10mg,1 mg/ml,10ml,5896,6668
PBVita-Lab-069,SS-31,SS-31,10mg,1 mg/ml,10ml,5830,6601
PBVita-Lab-490,AOD-9604,AOD-9604,10mg,1 mg/ml,10ml,5806,6580
PBVita-Lab-044,GHK-Cu,GHK-Cu,50mg,5 mg/ml,10ml,5741,6467
PBVita-Lab-104,MOTS-C,MOTS-C,20mg,2 mg/ml,10ml,5956,6728
PBVita-Lab-132,NAD+,NAD+,1000mg,100 mg/ml,10ml,5883,6661
PBVita-Lab-186,Sermorelin,Sermorelin,20mg,2 mg/ml,10ml,5842,6618
PBVita-Lab-237,Selank,Selank,10mg,1 mg/ml,10ml,5932,6704
PBVita-Lab-127,TA-1,TA-1,10mg,1 mg/ml,10ml,5900,6670
PBVita-Lab-005,Tesamorelin,Tesamorelin,30mg,3 mg/ml,10ml,5935,6712
PBVita-Lab-401,Cagrilintide,Cagrilintide,25mg,5 mg/ml,5ml,5833,6609
PBVita-Lab-012,CJC/Ipamorelin,CJC/Ipamorelin,10mg/10mg,1mg/1mg/ml,10ml,5667,6409
PBVita-Lab-070,GLOW,GLOW,10/10/50mg,1mg/1mg/5mg/ml,10ml,5839,6635
PBVita-Lab-491,KLOW,KLOW,10/10/10/50mg,1mg/1mg/1mg/10mg/ml,10ml,5669,6481
PBVita-Lab-045,Wolverine,Wolverine,10mg/10mg,1mg/1mg/ml,10ml,5764,6555
PBVita-Lab-105,BPC-157,BPC-157,10mg,1 mg/ml,10ml,5822,6595
PBVita-Lab-134,BPC-157,BPC-157,10mg,1 mg/ml,10ml,5890,6663
PBVita-Lab-191,TB-500,TB-500,10mg,1 mg/ml,10ml,5941,6713
PBVita-Lab-238,SS-31,SS-31,10mg,1 mg/ml,10ml,5896,6667
PBVita-Lab-208,AOD-9604,AOD-9604,10mg,1 mg/ml,10ml,5705,6431
PBVita-Lab-006,GHK-Cu,GHK-Cu,50mg,5 mg/ml,10ml,5984,6756
PBVita-Lab-402,MOTS-C,MOTS-C,20mg,2 mg/ml,10ml,5878,6650
PBVita-Lab-218,NAD+,NAD+,1000mg,100 mg/ml,10ml,5841,6619
PBVita-Lab-071,Sermorelin,Sermorelin,20mg,2 mg/ml,10ml,5872,6648
PBVita-Lab-492,Selank,Selank,10mg,1 mg/ml,10ml,5887,6659
PBVita-Lab-046,TA-1,TA-1,10mg,1 mg/ml,10ml,5848,6618
PBVita-Lab-106,Tesamorelin,Tesamorelin,30mg,3 mg/ml,10ml,5933,6710
PBVita-Lab-135,Cagrilintide,Cagrilintide,25mg,5 mg/ml,5ml,4110,4818
PBVita-Lab-193,CJC/Ipamorelin,CJC/Ipamorelin,10mg/10mg,1mg/1mg/ml,10ml,5872,6668
PBVita-Lab-240,GLOW,GLOW,10/10/50mg,1mg/1mg/5mg/ml,10ml,5914,6710
PBVita-Lab-233,KLOW,KLOW,10/10/10/50mg,1mg/1mg/1mg/10mg/ml,10ml,5737,6549
PBVita-Lab-007,Wolverine,Wolverine,10mg/10mg,1mg/1mg/ml,10ml,5777,6568
PBVita-Lab-403,BPC-157,BPC-157,10mg,1 mg/ml,10ml,5717,6490
PBVita-Lab-138,BPC-157,BPC-157,10mg,1 mg/ml,10ml,5893,6666
PBVita-Lab-072,TB-500,TB-500,10mg,1 mg/ml,10ml,5763,6535
PBVita-Lab-493,SS-31,SS-31,10mg,1 mg/ml,10ml,5774,6500
PBVita-Lab-047,AOD-9604,AOD-9604,10mg,1 mg/ml,10ml,4094,4809
PBVita-Lab-108,GHK-Cu,GHK-Cu,50mg,5 mg/ml,10ml,5874,6646
PBVita-Lab-137,MOTS-C,MOTS-C,20mg,2 mg/ml,10ml,5781,6553
PBVita-Lab-196,NAD+,NAD+,1000mg,100 mg/ml,10ml,4068,4795
PBVita-Lab-243,Sermorelin,Sermorelin,20mg,2 mg/ml,10ml,5906,6682
PBVita-Lab-128,Selank,Selank,10mg,1 mg/ml,10ml,5963,6735
PBVita-Lab-008,TA-1,TA-1,10mg,1 mg/ml,10ml,4188,4907
PBVita-Lab-404,Tesamorelin,Tesamorelin,30mg,3 mg/ml,10ml,5789,6515
PBVita-Lab-224,Cagrilintide,Cagrilintide,25mg,5 mg/ml,5ml,5869,6645
PBVita-Lab-073,CJC/Ipamorelin,CJC/Ipamorelin,10mg/10mg,1mg/1mg/ml,10ml,5852,6648
PBVita-Lab-494,GLOW,GLOW,10/10/50mg,1mg/1mg/5mg/ml,10ml,5702,6498
PBVita-Lab-048,KLOW,KLOW,10/10/10/50mg,1mg/1mg/1mg/10mg/ml,10ml,5751,6563
PBVita-Lab-109,Wolverine,Wolverine,10mg/10mg,1mg/1mg/ml,10ml,5844,6635
PBVita-Lab-140,BPC-157,BPC-157,10mg,1 mg/ml,10ml,5924,6697
PBVita-Lab-420,BPC-157,BPC-157,10mg,1 mg/ml,10ml,5890,6663
PBVita-Lab-244,TB-500,TB-500,10mg,1 mg/ml,10ml,4093,4810
PBVita-Lab-209,SS-31,SS-31,10mg,1 mg/ml,10ml,5960,6731
PBVita-Lab-009,AOD-9604,AOD-9604,10mg,1 mg/ml,10ml,5912,6686
PBVita-Lab-405,GHK-Cu,GHK-Cu,50mg,5 mg/ml,10ml,5843,6615
PBVita-Lab-428,MOTS-C,MOTS-C,20mg,2 mg/ml,10ml,5826,6598
PBVita-Lab-074,NAD+,NAD+,1000mg,100 mg/ml,10ml,5876,6654
PBVita-Lab-495,Sermorelin,Sermorelin,20mg,2 mg/ml,10ml,5904,6680
PBVita-Lab-049,Selank,Selank,10mg,1 mg/ml,10ml,4201,4918
PBVita-Lab-110,TA-1,TA-1,10mg,1 mg/ml,10ml,5620,6346
PBVita-Lab-141,Tesamorelin,Tesamorelin,30mg,3 mg/ml,10ml,5832,6609
PBVita-Lab-421,Cagrilintide,Cagrilintide,25mg,5 mg/ml,5ml,5812,6588
PBVita-Lab-245,CJC/Ipamorelin,CJC/Ipamorelin,10mg/10mg,1mg/1mg/ml,10ml,5840,6636
PBVita-Lab-129,GLOW,GLOW,10/10/50mg,1mg/1mg/5mg/ml,10ml,5806,6602
PBVita-Lab-010,KLOW,KLOW,10/10/10/50mg,1mg/1mg/1mg/10mg/ml,10ml,5894,6706
PBVita-Lab-406,Wolverine,Wolverine,10mg/10mg,1mg/1mg/ml,10ml,4140,4870
PBVita-Lab-453,BPC-157,BPC-157,10mg,1 mg/ml,10ml,5989,6762
PBVita-Lab-075,BPC-157,BPC-157,10mg,1 mg/ml,10ml,4028,4744
PBVita-Lab-496,TB-500,TB-500,10mg,1 mg/ml,10ml,5819,6591
PBVita-Lab-051,SS-31,SS-31,10mg,1 mg/ml,10ml,5894,6665
PBVita-Lab-111,AOD-9604,AOD-9604,10mg,1 mg/ml,10ml,5875,6649
PBVita-Lab-142,GHK-Cu,GHK-Cu,50mg,5 mg/ml,10ml,5854,6626
PBVita-Lab-247,MOTS-C,MOTS-C,20mg,2 mg/ml,10ml,5802,6574
PBVita-Lab-489,NAD+,NAD+,1000mg,100 mg/ml,10ml,5844,6622
PBVita-Lab-011,Sermorelin,Sermorelin,20mg,2 mg/ml,10ml,5993,6769
PBVita-Lab-146,Selank,Selank,10mg,1 mg/ml,10ml,5706,6432
PBVita-Lab-343,TA-1,TA-1,10mg,1 mg/ml,10ml,5898,6668
PBVita-Lab-076,Tesamorelin,Tesamorelin,30mg,3 mg/ml,10ml,6065,6842
PBVita-Lab-497,Cagrilintide,Cagrilintide,25mg,5 mg/ml,5ml,5865,6641
PBVita-Lab-052,CJC/Ipamorelin,CJC/Ipamorelin,10mg/10mg,1mg/1mg/ml,10ml,5865,6661
PBVita-Lab-112,GLOW,GLOW,10/10/50mg,1mg/1mg/5mg/ml,10ml,5859,6655
PBVita-Lab-143,KLOW,KLOW,10/10/10/50mg,1mg/1mg/1mg/10mg/ml,10ml,4134,4895
PBVita-Lab-248,Wolverine,Wolverine,10mg/10mg,1mg/1mg/ml,10ml,5784,6575
PBVita-Lab-185,BPC-157,BPC-157,10mg,1 mg/ml,10ml,5467,6193
PBVita-Lab-013,BPC-157,BPC-157,20mg,2 mg/ml,10ml,4087,4803
PBVita-Lab-407,TB-500,TB-500,10mg,1 mg/ml,10ml,5832,6604
PBVita-Lab-373,SS-31,SS-31,10mg,1 mg/ml,10ml,5823,6594
PBVita-Lab-077,AOD-9604,AOD-9604,10mg,1 mg/ml,10ml,5781,6555
PBVita-Lab-498,GHK-Cu,GHK-Cu,50mg,5 mg/ml,10ml,5899,6671
PBVita-Lab-053,MOTS-C,MOTS-C,20mg,2 mg/ml,10ml,5825,6597
PBVita-Lab-113,NAD+,NAD+,1000mg,100 mg/ml,10ml,5878,6656
PBVita-Lab-144,Sermorelin,Sermorelin,20mg,2 mg/ml,10ml,5835,6561
PBVita-Lab-249,Selank,Selank,10mg,1 mg/ml,10ml,5893,6665
PBVita-Lab-210,TA-1,TA-1,10mg,1 mg/ml,10ml,5821,6591
PBVita-Lab-014,Tesamorelin,Tesamorelin,30mg,3 mg/ml,10ml,5843,6620
PBVita-Lab-408,Cagrilintide,Cagrilintide,25mg,5 mg/ml,5ml,5994,6770
PBVita-Lab-429,CJC/Ipamorelin,CJC/Ipamorelin,10mg/10mg,1mg/1mg/ml,10ml,4132,4857
PBVita-Lab-078,GLOW,GLOW,10/10/50mg,1mg/1mg/5mg/ml,10ml,5800,6596
PBVita-Lab-219,KLOW,KLOW,10/10/10/50mg,1mg/1mg/1mg/10mg/ml,10ml,5772,6584
PBVita-Lab-054,Wolverine,Wolverine,10mg/10mg,1mg/1mg/ml,10ml,5659,6401
PBVita-Lab-114,BPC-157,BPC-157,10mg,1 mg/ml,10ml,5996,6769
PBVita-Lab-351,BPC-157,BPC-157,10mg,1 mg/ml,10ml,5846,6619
PBVita-Lab-250,TB-500,TB-500,10mg,1 mg/ml,10ml,5813,6585
PBVita-Lab-235,SS-31,SS-31,10mg,1 mg/ml,10ml,5745,6516
PBVita-Lab-015,AOD-9604,AOD-9604,10mg,1 mg/ml,10ml,5863,6637
PBVita-Lab-409,GHK-Cu,GHK-Cu,50mg,5 mg/ml,10ml,5940,6712
PBVita-Lab-375,MOTS-C,MOTS-C,20mg,2 mg/ml,10ml,5730,6502
PBVita-Lab-079,NAD+,NAD+,1000mg,100 mg/ml,10ml,5603,6337
PBVita-Lab-139,Sermorelin,Sermorelin,20mg,2 mg/ml,10ml,5987,6763
PBVita-Lab-055,Selank,Selank,10mg,1 mg/ml,10ml,5868,6640
PBVita-Lab-116,TA-1,TA-1,10mg,1 mg/ml,10ml,5808,6578
PBVita-Lab-352,Tesamorelin,Tesamorelin,30mg,3 mg/ml,10ml,5823,6600
PBVita-Lab-461,Cagrilintide,Cagrilintide,25mg,5 mg/ml,5ml,5886,6662
PBVita-Lab-211,CJC/Ipamorelin,CJC/Ipamorelin,10mg/10mg,1mg/1mg/ml,10ml,5866,6662
PBVita-Lab-016,GLOW,GLOW,10/10/50mg,1mg/1mg/5mg/ml,10ml,5856,6652
PBVita-Lab-410,KLOW,KLOW,10/10/10/50mg,1mg/1mg/1mg/10mg/ml,10ml,5683,6451
PBVita-Lab-431,Wolverine,Wolverine,10mg/10mg,1mg/1mg/ml,10ml,5904,6695
PBVita-Lab-080,BPC-157,BPC-157,10mg,1 mg/ml,10ml,5863,6636
PBVita-Lab-499,BPC-157,BPC-157,10mg,1 mg/ml,10ml,5837,6610
PBVita-Lab-056,TB-500,TB-500,10mg,1 mg/ml,10ml,5744,6516
PBVita-Lab-117,SS-31,SS-31,10mg,1 mg/ml,10ml,5651,6422
PBVita-Lab-354,AOD-9604,AOD-9604,10mg,1 mg/ml,10ml,5885,6659
PBVita-Lab-463,GHK-Cu,GHK-Cu,50mg,5 mg/ml,10ml,5822,6594
PBVita-Lab-187,MOTS-C,MOTS-C,20mg,2 mg/ml,10ml,4054,4771
PBVita-Lab-018,NAD+,NAD+,1000mg,100 mg/ml,10ml,5938,6716
PBVita-Lab-147,Sermorelin,Sermorelin,20mg,2 mg/ml,10ml,5878,6654
PBVita-Lab-456,Selank,Selank,10mg,1 mg/ml,10ml,5824,6596
PBVita-Lab-081,TA-1,TA-1,10mg,1 mg/ml,10ml,5864,6634
PBVita-Lab-195,Tesamorelin,Tesamorelin,30mg,3 mg/ml,10ml,4110,4822
PBVita-Lab-057,Cagrilintide,Cagrilintide,25mg,5 mg/ml,5ml,5900,6676
PBVita-Lab-118,CJC/Ipamorelin,CJC/Ipamorelin,10mg/10mg,1mg/1mg/ml,10ml,4240,4965
PBVita-Lab-355,GLOW,GLOW,10/10/50mg,1mg/1mg/5mg/ml,10ml,5700,6452
PBVita-Lab-465,KLOW,KLOW,10/10/10/50mg,1mg/1mg/1mg/10mg/ml,10ml,5849,6661
PBVita-Lab-212,Wolverine,Wolverine,10mg/10mg,1mg/1mg/ml,10ml,5860,6651
PBVita-Lab-019,BPC-157,BPC-157,10mg,1 mg/ml,10ml,5804,6577
PBVita-Lab-148,BPC-157,BPC-157,10mg,1 mg/ml,10ml,5886,6659
PBVita-Lab-432,TB-500,TB-500,10mg,1 mg/ml,10ml,5926,6698
PBVita-Lab-082,SS-31,SS-31,10mg,1 mg/ml,10ml,6032,6803
PBVita-Lab-220,AOD-9604,AOD-9604,10mg,1 mg/ml,10ml,5911,6685
PBVita-Lab-058,GHK-Cu,GHK-Cu,50mg,5 mg/ml,10ml,5753,6479
PBVita-Lab-120,MOTS-C,MOTS-C,20mg,2 mg/ml,10ml,5920,6692
PBVita-Lab-356,NAD+,NAD+,1000mg,100 mg/ml,10ml,5966,6744
PBVita-Lab-466,Sermorelin,Sermorelin,20mg,2 mg/ml,10ml,5821,6597
PBVita-Lab-107,Selank,Selank,10mg,1 mg/ml,10ml,5642,6414
PBVita-Lab-020,TA-1,TA-1,10mg,1 mg/ml,10ml,5979,6749
PBVita-Lab-149,Tesamorelin,Tesamorelin,30mg,3 mg/ml,10ml,5877,6654
PBVita-Lab-457,Cagrilintide,Cagrilintide,25mg,5 mg/ml,5ml,5847,6623
PBVita-Lab-083,CJC/Ipamorelin,CJC/Ipamorelin,10mg/10mg,1mg/1mg/ml,10ml,5792,6534
PBVita-Lab-115,GLOW,GLOW,10/10/50mg,1mg/1mg/5mg/ml,10ml,6011,6807
PBVita-Lab-059,KLOW,KLOW,10/10/10/50mg,1mg/1mg/1mg/10mg/ml,10ml,5949,6761
PBVita-Lab-121,Wolverine,Wolverine,10mg/10mg,1mg/1mg/ml,10ml,5893,6684
PBVita-Lab-357,BPC-157,BPC-157,10mg,1 mg/ml,10ml,5784,6557
PBVita-Lab-467,BPC-157,BPC-157,10mg,1 mg/ml,10ml,5943,6716
PBVita-Lab-188,TB-500,TB-500,10mg,1 mg/ml,10ml,4156,4873
PBVita-Lab-021,SS-31,SS-31,10mg,1 mg/ml,10ml,5759,6530
PBVita-Lab-150,AOD-9604,AOD-9604,10mg,1 mg/ml,10ml,5636,6362
PBVita-Lab-178,GHK-Cu,GHK-Cu,50mg,5 mg/ml,10ml,5714,6486
PBVita-Lab-084,MOTS-C,MOTS-C,20mg,2 mg/ml,10ml,5813,6585
PBVita-Lab-500,NAD+,NAD+,1000mg,100 mg/ml,10ml,5730,6508
PBVita-Lab-060,Sermorelin,Sermorelin,20mg,2 mg/ml,10ml,5832,6608
PBVita-Lab-122,Selank,Selank,10mg,1 mg/ml,10ml,4088,4805
PBVita-Lab-358,TA-1,TA-1,10mg,1 mg/ml,10ml,5867,6637
PBVita-Lab-468,Tesamorelin,Tesamorelin,30mg,3 mg/ml,10ml,5965,6742
PBVita-Lab-239,Cagrilintide,Cagrilintide,25mg,5 mg/ml,5ml,5730,6454
PBVita-Lab-023,CJC/Ipamorelin,CJC/Ipamorelin,10mg/10mg,1mg/1mg/ml,10ml,5855,6651
PBVita-Lab-119,GLOW,GLOW,10/10/50mg,1mg/1mg/5mg/ml,10ml,5946,6742
PBVita-Lab-085,KLOW,KLOW,10/10/10/50mg,1mg/1mg/1mg/10mg/ml,10ml,5881,6693
PBVita-Lab-221,Wolverine,Wolverine,10mg/10mg,1mg/1mg/ml,10ml,5819,6610
PBVita-Lab-061,BPC-157,BPC-157,10mg,1 mg/ml,10ml,5883,6656
PBVita-Lab-123,BPC-157,BPC-157,20mg,2 mg/ml,10ml,4111,4827
PBVita-Lab-439,TB-500,TB-500,10mg,1 mg/ml,10ml,5823,6595
PBVita-Lab-470,SS-31,SS-31,10mg,1 mg/ml,10ml,5789,6515
PBVita-Lab-190,AOD-9604,AOD-9604,10mg,1 mg/ml,10ml,5965,6739
PBVita-Lab-024,GHK-Cu,GHK-Cu,50mg,5 mg/ml,10ml,5754,6526
PBVita-Lab-200,MOTS-C,MOTS-C,20mg,2 mg/ml,10ml,5774,6546
PBVita-Lab-087,NAD+,NAD+,1000mg,100 mg/ml,10ml,4070,4797
PBVita-Lab-246,Sermorelin,Sermorelin,20mg,2 mg/ml,10ml,4115,4828
PBVita-Lab-062,Selank,Selank,10mg,1 mg/ml,10ml,5892,6664
PBVita-Lab-124,TA-1,TA-1,10mg,1 mg/ml,10ml,5779,6549
PBVita-Lab-469,Tesamorelin,Tesamorelin,30mg,3 mg/ml,10ml,5721,6447
PBVita-Lab-472,Cagrilintide,Cagrilintide,25mg,5 mg/ml,5ml,4088,4867
PBVita-Lab-215,CJC/Ipamorelin,CJC/Ipamorelin,10mg/10mg,1mg/1mg/ml,10ml,5900,6696
PBVita-Lab-025,GLOW,GLOW,10/10/50mg,1mg/1mg/5mg/ml,10ml,5834,6630
PBVita-Lab-225,KLOW,KLOW,10/10/10/50mg,1mg/1mg/1mg/10mg/ml,10ml,5779,6591
PBVita-Lab-088,Wolverine,Wolverine,10mg/10mg,1mg/1mg/ml,10ml,5744,6535
PBVita-Lab-203,BPC-157,BPC-157,10mg,1 mg/ml,10ml,4107,4823
PBVita-Lab-063,BPC-157,BPC-157,10mg,1 mg/ml,10ml,5788,6561
PBVita-Lab-125,TB-500,TB-500,10mg,1 mg/ml,10ml,4067,4784
PBVita-Lab-359,SS-31,SS-31,10mg,1 mg/ml,10ml,5841,6612
PBVita-Lab-473,AOD-9604,AOD-9604,10mg,1 mg/ml,10ml,5862,6636
PBVita-Lab-050,GHK-Cu,GHK-Cu,50mg,5 mg/ml,10ml,5785,6557
PBVita-Lab-026,MOTS-C,MOTS-C,20mg,2 mg/ml,10ml,5886,6658
PBVita-Lab-151,NAD+,NAD+,1000mg,100 mg/ml,10ml,5898,6676
PBVita-Lab-089,Sermorelin,Sermorelin,20mg,2 mg/ml,10ml,5934,6710
PBVita-Lab-228,Selank,Selank,10mg,1 mg/ml,10ml,5894,6666
PBVita-Lab-065,TA-1,TA-1,10mg,1 mg/ml,10ml,5805,6531
PBVita-Lab-326,Tesamorelin,Tesamorelin,30mg,3 mg/ml,10ml,6032,6809
PBVita-Lab-415,Cagrilintide,Cagrilintide,25mg,5 mg/ml,5ml,5910,6686
PBVita-Lab-474,CJC/Ipamorelin,CJC/Ipamorelin,10mg/10mg,1mg/1mg/ml,10ml,5912,6708
PBVita-Lab-216,GLOW,GLOW,10/10/50mg,1mg/1mg/5mg/ml,10ml,5837,6633
PBVita-Lab-027,KLOW,KLOW,10/10/10/50mg,1mg/1mg/1mg/10mg/ml,10ml,5929,6741
PBVita-Lab-145,Wolverine,Wolverine,10mg/10mg,1mg/1mg/ml,10ml,5840,6631
PBVita-Lab-090,BPC-157,BPC-157,10mg,1 mg/ml,10ml,5761,6534
PBVita-Lab-353,BPC-157,BPC-157,10mg,1 mg/ml,10ml,5697,6423
PBVita-Lab-276,TB-500,TB-500,10mg,1 mg/ml,10ml,5933,6705
PBVita-Lab-327,SS-31,SS-31,10mg,1 mg/ml,10ml,4119,4837
PBVita-Lab-440,AOD-9604,AOD-9604,10mg,1 mg/ml,10ml,5857,6631
PBVita-Lab-475,GHK-Cu,GHK-Cu,50mg,5 mg/ml,10ml,5748,6520
PBVita-Lab-241,MOTS-C,MOTS-C,20mg,2 mg/ml,10ml,5863,6635
PBVita-Lab-028,NAD+,NAD+,1000mg,100 mg/ml,10ml,5852,6630
PBVita-Lab-201,Sermorelin,Sermorelin,20mg,2 mg/ml,10ml,5890,6666
PBVita-Lab-091,Selank,Selank,10mg,1 mg/ml,10ml,5744,6470
PBVita-Lab-204,TA-1,TA-1,10mg,1 mg/ml,10ml,4084,4803
PBVita-Lab-277,Tesamorelin,Tesamorelin,30mg,3 mg/ml,10ml,6011,6788
PBVita-Lab-328,Cagrilintide,Cagrilintide,25mg,5 mg/ml,5ml,5869,6645
PBVita-Lab-360,CJC/Ipamorelin,CJC/Ipamorelin,10mg/10mg,1mg/1mg/ml,10ml,5795,6591
PBVita-Lab-476,GLOW,GLOW,10/10/50mg,1mg/1mg/5mg/ml,10ml,6009,6805
PBVita-Lab-136,KLOW,KLOW,10/10/10/50mg,1mg/1mg/1mg/10mg/ml,10ml,4108,4869
PBVita-Lab-029,Wolverine,Wolverine,10mg/10mg,1mg/1mg/ml,10ml,5829,6620
PBVita-Lab-226,BPC-157,BPC-157,10mg,1 mg/ml,10ml,5773,6499
PBVita-Lab-092,BPC-157,BPC-157,10mg,1 mg/ml,10ml,5956,6729
PBVita-Lab-229,TB-500,TB-500,10mg,1 mg/ml,10ml,5905,6677
PBVita-Lab-278,SS-31,SS-31,10mg,1 mg/ml,10ml,5954,6725
PBVita-Lab-329,AOD-9604,AOD-9604,10mg,1 mg/ml,10ml,5889,6663
PBVita-Lab-361,GHK-Cu,GHK-Cu,50mg,5 mg/ml,10ml,5924,6696
PBVita-Lab-477,MOTS-C,MOTS-C,20mg,2 mg/ml,10ml,5872,6644
PBVita-Lab-192,NAD+,NAD+,1000mg,100 mg/ml,10ml,5727,6505
PBVita-Lab-030,Sermorelin,Sermorelin,20mg,2 mg/ml,10ml,5508,6234
PBVita-Lab-086,Selank,Selank,10mg,1 mg/ml,10ml,6013,6785
PBVita-Lab-093,TA-1,TA-1,10mg,1 mg/ml,10ml,5906,6676
PBVita-Lab-464,Tesamorelin,Tesamorelin,30mg,3 mg/ml,10ml,5813,6590
PBVita-Lab-279,Cagrilintide,Cagrilintide,25mg,5 mg/ml,5ml,3969,4748
PBVita-Lab-330,CJC/Ipamorelin,CJC/Ipamorelin,10mg/10mg,1mg/1mg/ml,10ml,5871,6667
PBVita-Lab-363,GLOW,GLOW,10/10/50mg,1mg/1mg/5mg/ml,10ml,5767,6563
PBVita-Lab-478,KLOW,KLOW,10/10/10/50mg,1mg/1mg/1mg/10mg/ml,10ml,5851,6663
PBVita-Lab-217,Wolverine,Wolverine,10mg/10mg,1mg/1mg/ml,10ml,5791,6533
PBVita-Lab-416,BPC-157,BPC-157,10mg,1 mg/ml,10ml,5778,6551
PBVita-Lab-152,BPC-157,BPC-157,10mg,1 mg/ml,10ml,5883,6656
PBVita-Lab-094,TB-500,TB-500,10mg,1 mg/ml,10ml,5861,6633
PBVita-Lab-064,SS-31,SS-31,10mg,1 mg/ml,10ml,4068,4786
PBVita-Lab-280,AOD-9604,AOD-9604,10mg,1 mg/ml,10ml,5806,6580
PBVita-Lab-331,GHK-Cu,GHK-Cu,50mg,5 mg/ml,10ml,4089,4806
PBVita-Lab-364,MOTS-C,MOTS-C,20mg,2 mg/ml,10ml,5928,6700
PBVita-Lab-479,NAD+,NAD+,1000mg,100 mg/ml,10ml,5871,6605
PBVita-Lab-242,Sermorelin,Sermorelin,20mg,2 mg/ml,10ml,4120,4833
PBVita-Lab-441,Selank,Selank,10mg,1 mg/ml,10ml,5910,6682
PBVita-Lab-202,TA-1,TA-1,10mg,1 mg/ml,10ml,4181,4900
PBVita-Lab-095,Tesamorelin,Tesamorelin,30mg,3 mg/ml,10ml,4096,4808
PBVita-Lab-205,Cagrilintide,Cagrilintide,25mg,5 mg/ml,5ml,3988,4767
PBVita-Lab-281,CJC/Ipamorelin,CJC/Ipamorelin,10mg/10mg,1mg/1mg/ml,10ml,5917,6713
PBVita-Lab-332,GLOW,GLOW,10/10/50mg,1mg/1mg/5mg/ml,10ml,5843,6639
PBVita-Lab-365,KLOW,KLOW,10/10/10/50mg,1mg/1mg/1mg/10mg/ml,10ml,4045,4806
PBVita-Lab-480,Wolverine,Wolverine,10mg/10mg,1mg/1mg/ml,10ml,5913,6704
PBVita-Lab-194,BPC-157,BPC-157,10mg,1 mg/ml,10ml,5895,6668
PBVita-Lab-471,BPC-157,BPC-157,10mg,1 mg/ml,10ml,5825,6598
PBVita-Lab-227,TB-500,TB-500,10mg,1 mg/ml,10ml,4082,4799
PBVita-Lab-096,SS-31,SS-31,10mg,1 mg/ml,10ml,5887,6658
PBVita-Lab-282,AOD-9604,AOD-9604,10mg,1 mg/ml,10ml,5917,6691
PBVita-Lab-333,GHK-Cu,GHK-Cu,50mg,5 mg/ml,10ml,5851,6623
PBVita-Lab-366,MOTS-C,MOTS-C,20mg,2 mg/ml,10ml,5781,6507
PBVita-Lab-481,NAD+,NAD+,1000mg,100 mg/ml,10ml,4071,4798
PBVita-Lab-197,Sermorelin,Sermorelin,20mg,2 mg/ml,10ml,5865,6641
PBVita-Lab-031,Selank,Selank,10mg,1 mg/ml,10ml,5887,6659
PBVita-Lab-462,TA-1,TA-1,10mg,1 mg/ml,10ml,5803,6573
PBVita-Lab-097,Tesamorelin,Tesamorelin,30mg,3 mg/ml,10ml,5916,6693
PBVita-Lab-283,Cagrilintide,Cagrilintide,25mg,5 mg/ml,5ml,5870,6646
PBVita-Lab-334,CJC/Ipamorelin,CJC/Ipamorelin,10mg/10mg,1mg/1mg/ml,10ml,5836,6632
PBVita-Lab-368,GLOW,GLOW,10/10/50mg,1mg/1mg/5mg/ml,10ml,5730,6482
PBVita-Lab-482,KLOW,KLOW,10/10/10/50mg,1mg/1mg/1mg/10mg/ml,10ml,4070,4831
PBVita-Lab-222,Wolverine,Wolverine,10mg/10mg,1mg/1mg/ml,10ml,5909,6700
PBVita-Lab-417,BPC-157,BPC-157,10mg,1 mg/ml,10ml,5818,6591
PBVita-Lab-022,BPC-157,BPC-157,10mg,1 mg/ml,10ml,5829,6602
PBVita-Lab-362,TB-500,TB-500,10mg,1 mg/ml,10ml,5864,6636
PBVita-Lab-284,SS-31,SS-31,10mg,1 mg/ml,10ml,4121,4839
PBVita-Lab-335,AOD-9604,AOD-9604,10mg,1 mg/ml,10ml,5835,6609
PBVita-Lab-369,GHK-Cu,GHK-Cu,50mg,5 mg/ml,10ml,5633,6359
PBVita-Lab-483,MOTS-C,MOTS-C,20mg,2 mg/ml,10ml,5796,6568
PBVita-Lab-017,NAD+,NAD+,1000mg,100 mg/ml,10ml,5854,6632
PBVita-Lab-442,Sermorelin,Sermorelin,20mg,2 mg/ml,10ml,5784,6560
PBVita-Lab-153,Selank,Selank,10mg,1 mg/ml,10ml,5824,6596
PBVita-Lab-418,TA-1,TA-1,10mg,1 mg/ml,10ml,5934,6704
PBVita-Lab-285,Tesamorelin,Tesamorelin,30mg,3 mg/ml,10ml,5907,6684
PBVita-Lab-336,Cagrilintide,Cagrilintide,25mg,5 mg/ml,5ml,5804,6580
PBVita-Lab-371,CJC/Ipamorelin,CJC/Ipamorelin,10mg/10mg,1mg/1mg/ml,10ml,5660,6402
PBVita-Lab-484,GLOW,GLOW,10/10/50mg,1mg/1mg/5mg/ml,10ml,5931,6727
PBVita-Lab-198,KLOW,KLOW,10/10/10/50mg,1mg/1mg/1mg/10mg/ml,10ml,5762,6574
PBVita-Lab-032,Wolverine,Wolverine,10mg/10mg,1mg/1mg/ml,10ml,5834,6625
PBVita-Lab-154,BPC-157,BPC-157,10mg,1 mg/ml,10ml,5780,6553
PBVita-Lab-443,BPC-157,BPC-157,10mg,1 mg/ml,10ml,5922,6695
PBVita-Lab-286,TB-500,TB-500,10mg,1 mg/ml,10ml,5878,6650
PBVita-Lab-337,SS-31,SS-31,10mg,1 mg/ml,10ml,6030,6801
PBVita-Lab-374,AOD-9604,AOD-9604,10mg,1 mg/ml,10ml,5684,6410
PBVita-Lab-485,GHK-Cu,GHK-Cu,50mg,5 mg/ml,10ml,5935,6707
PBVita-Lab-223,MOTS-C,MOTS-C,20mg,2 mg/ml,10ml,5877,6649
PBVita-Lab-033,NAD+,NAD+,1000mg,100 mg/ml,10ml,5833,6611
PBVita-Lab-155,Sermorelin,Sermorelin,20mg,2 mg/ml,10ml,5587,6363
PBVita-Lab-098,Selank,Selank,10mg,1 mg/ml,10ml,5873,6645
PBVita-Lab-287,TA-1,TA-1,10mg,1 mg/ml,10ml,5801,6571
PBVita-Lab-338,Tesamorelin,Tesamorelin,30mg,3 mg/ml,10ml,5850,6627
PBVita-Lab-199,Cagrilintide,Cagrilintide,25mg,5 mg/ml,5ml,5646,6370
PBVita-Lab-034,CJC/Ipamorelin,CJC/Ipamorelin,10mg/10mg,1mg/1mg/ml,10ml,5906,6702
PBVita-Lab-156,GLOW,GLOW,10/10/50mg,1mg/1mg/5mg/ml,10ml,5906,6702
PBVita-Lab-164,KLOW,KLOW,10/10/10/50mg,1mg/1mg/1mg/10mg/ml,10ml,5868,6680
PBVita-Lab-288,Wolverine,Wolverine,10mg/10mg,1mg/1mg/ml,10ml,6005,6796
PBVita-Lab-339,BPC-157,BPC-157,10mg,1 mg/ml,10ml,4083,4799
PBVita-Lab-230,BPC-157,BPC-157,10mg,1 mg/ml,10ml,5876,6649
PBVita-Lab-035,TB-500,TB-500,10mg,1 mg/ml,10ml,5859,6631
PBVita-Lab-157,SS-31,SS-31,10mg,1 mg/ml,10ml,5714,6440
PBVita-Lab-419,AOD-9604,AOD-9604,10mg,1 mg/ml,10ml,5830,6604
PBVita-Lab-289,GHK-Cu,GHK-Cu,50mg,5 mg/ml,10ml,5834,6606
PBVita-Lab-340,MOTS-C,MOTS-C,20mg,2 mg/ml,10ml,4208,4925
PBVita-Lab-411,NAD+,NAD+,1000mg,100 mg/ml,10ml,4072,4799
PBVita-Lab-036,Sermorelin,Sermorelin,20mg,2 mg/ml,10ml,5953,6729
PBVita-Lab-437,Selank,Selank,10mg,1 mg/ml,10ml,5891,6663
PBVita-Lab-444,TA-1,TA-1,10mg,1 mg/ml,10ml,5857,6627
PBVita-Lab-290,Tesamorelin,Tesamorelin,30mg,3 mg/ml,10ml,5777,6503
PBVita-Lab-341,Cagrilintide,Cagrilintide,25mg,5 mg/ml,5ml,4049,4828
PBVita-Lab-436,CJC/Ipamorelin,CJC/Ipamorelin,10mg/10mg,1mg/1mg/ml,10ml,5864,6660
PBVita-Lab-037,GLOW,GLOW,10/10/50mg,1mg/1mg/5mg/ml,10ml,4198,4943
PBVita-Lab-158,KLOW,KLOW,10/10/10/50mg,1mg/1mg/1mg/10mg/ml,10ml,5834,6646
PBVita-Lab-301,Wolverine,Wolverine,10mg/10mg,1mg/1mg/ml,10ml,4103,4833
PBVita-Lab-293,BPC-157,BPC-157,10mg,1 mg/ml,10ml,5912,6685
PBVita-Lab-342,BPC-157,BPC-157,20mg,2 mg/ml,10ml,4176,4892
PBVita-Lab-412,TB-500,TB-500,10mg,1 mg/ml,10ml,5703,6429
PBVita-Lab-038,SS-31,SS-31,10mg,1 mg/ml,10ml,4087,4805
PBVita-Lab-413,AOD-9604,AOD-9604,10mg,1 mg/ml,10ml,5916,6690
PBVita-Lab-302,GHK-Cu,GHK-Cu,50mg,5 mg/ml,10ml,5895,6667
PBVita-Lab-294,MOTS-C,MOTS-C,20mg,2 mg/ml,10ml,5853,6625
PBVita-Lab-344,NAD+,NAD+,1000mg,100 mg/ml,10ml,5876,6654
PBVita-Lab-099,Sermorelin,Sermorelin,20mg,2 mg/ml,10ml,5911,6687
PBVita-Lab-039,Selank,Selank,10mg,1 mg/ml,10ml,5712,6484
PBVita-Lab-438,TA-1,TA-1,10mg,1 mg/ml,10ml,4037,4756
PBVita-Lab-303,Tesamorelin,Tesamorelin,30mg,3 mg/ml,10ml,5931,6708
PBVita-Lab-295,Cagrilintide,Cagrilintide,25mg,5 mg/ml,5ml,5959,6735
PBVita-Lab-345,CJC/Ipamorelin,CJC/Ipamorelin,10mg/10mg,1mg/1mg/ml,10ml,4234,4959
PBVita-Lab-445,GLOW,GLOW,10/10/50mg,1mg/1mg/5mg/ml,10ml,5720,6516
PBVita-Lab-040,KLOW,KLOW,10/10/10/50mg,1mg/1mg/1mg/10mg/ml,10ml,5967,6779
PBVita-Lab-159,Wolverine,Wolverine,10mg/10mg,1mg/1mg/ml,10ml,5858,6649
PBVita-Lab-304,BPC-157,BPC-157,10mg,1 mg/ml,10ml,5823,6596
PBVita-Lab-296,BPC-157,BPC-157,10mg,1 mg/ml,10ml,5722,6448
PBVita-Lab-346,TB-500,TB-500,10mg,1 mg/ml,10ml,5925,6697
PBVita-Lab-100,SS-31,SS-31,10mg,1 mg/ml,10ml,5825,6596
PBVita-Lab-251,AOD-9604,AOD-9604,10mg,1 mg/ml,10ml,5776,6550
PBVita-Lab-414,GHK-Cu,GHK-Cu,50mg,5 mg/ml,10ml,5824,6596
PBVita-Lab-305,MOTS-C,MOTS-C,20mg,2 mg/ml,10ml,4092,4809
PBVita-Lab-297,NAD+,NAD+,1000mg,100 mg/ml,10ml,5744,6522
PBVita-Lab-347,Sermorelin,Sermorelin,20mg,2 mg/ml,10ml,5767,6543
PBVita-Lab-446,Selank,Selank,10mg,1 mg/ml,10ml,5753,6479
PBVita-Lab-252,TA-1,TA-1,10mg,1 mg/ml,10ml,5859,6629
PBVita-Lab-160,Tesamorelin,Tesamorelin,30mg,3 mg/ml,10ml,5954,6731
PBVita-Lab-306,Cagrilintide,Cagrilintide,25mg,5 mg/ml,5ml,5782,6558
PBVita-Lab-299,CJC/Ipamorelin,CJC/Ipamorelin,10mg/10mg,1mg/1mg/ml,10ml,5865,6661
PBVita-Lab-348,GLOW,GLOW,10/10/50mg,1mg/1mg/5mg/ml,10ml,5893,6689
PBVita-Lab-167,KLOW,KLOW,10/10/10/50mg,1mg/1mg/1mg/10mg/ml,10ml,5890,6702
PBVita-Lab-253,Wolverine,Wolverine,10mg/10mg,1mg/1mg/ml,10ml,5829,6620
PBVita-Lab-161,BPC-157,BPC-157,10mg,1 mg/ml,10ml,5755,6481
PBVita-Lab-307,BPC-157,BPC-157,10mg,1 mg/ml,10ml,5932,6705
PBVita-Lab-300,TB-500,TB-500,10mg,1 mg/ml,10ml,5911,6683
PBVita-Lab-349,SS-31,SS-31,10mg,1 mg/ml,10ml,5773,6544
PBVita-Lab-422,AOD-9604,AOD-9604,10mg,1 mg/ml,10ml,5797,6571
PBVita-Lab-454,GHK-Cu,GHK-Cu,50mg,5 mg/ml,10ml,5937,6709
PBVita-Lab-162,MOTS-C,MOTS-C,20mg,2 mg/ml,10ml,5871,6643
PBVita-Lab-308,NAD+,NAD+,1000mg,100 mg/ml,10ml,4201,4928
PBVita-Lab-460,Sermorelin,Sermorelin,20mg,2 mg/ml,10ml,5731,6457
PBVita-Lab-447,Selank,Selank,10mg,1 mg/ml,10ml,5815,6587
PBVita-Lab-254,TA-1,TA-1,10mg,1 mg/ml,10ml,4105,4824
PBVita-Lab-163,Tesamorelin,Tesamorelin,30mg,3 mg/ml,10ml,5788,6565
PBVita-Lab-309,Cagrilintide,Cagrilintide,25mg,5 mg/ml,5ml,5832,6608
PBVita-Lab-350,CJC/Ipamorelin,CJC/Ipamorelin,10mg/10mg,1mg/1mg/ml,10ml,5856,6652
PBVita-Lab-367,GLOW,GLOW,10/10/50mg,1mg/1mg/5mg/ml,10ml,5871,6667
PBVita-Lab-430,KLOW,KLOW,10/10/10/50mg,1mg/1mg/1mg/10mg/ml,10ml,5741,6553
PBVita-Lab-165,Wolverine,Wolverine,10mg/10mg,1mg/1mg/ml,10ml,5691,6433
PBVita-Lab-310,BPC-157,BPC-157,10mg,1 mg/ml,10ml,5887,6660
PBVita-Lab-268,BPC-157,BPC-157,10mg,1 mg/ml,10ml,5829,6602
PBVita-Lab-423,TB-500,TB-500,10mg,1 mg/ml,10ml,5843,6615
PBVita-Lab-455,SS-31,SS-31,10mg,1 mg/ml,10ml,5895,6666
PBVita-Lab-166,AOD-9604,AOD-9604,10mg,1 mg/ml,10ml,5878,6652
PBVita-Lab-311,GHK-Cu,GHK-Cu,50mg,5 mg/ml,10ml,5909,6681
PBVita-Lab-395,MOTS-C,MOTS-C,20mg,2 mg/ml,10ml,4190,4907
PBVita-Lab-448,NAD+,NAD+,1000mg,100 mg/ml,10ml,5834,6568
PBVita-Lab-255,Sermorelin,Sermorelin,20mg,2 mg/ml,10ml,6036,6812
PBVita-Lab-168,Selank,Selank,10mg,1 mg/ml,10ml,5968,6740
PBVita-Lab-312,TA-1,TA-1,10mg,1 mg/ml,10ml,5760,6530
PBVita-Lab-275,Tesamorelin,Tesamorelin,30mg,3 mg/ml,10ml,5796,6573
PBVita-Lab-169,Cagrilintide,Cagrilintide,25mg,5 mg/ml,5ml,5966,6742
PBVita-Lab-256,CJC/Ipamorelin,CJC/Ipamorelin,10mg/10mg,1mg/1mg/ml,10ml,5837,6633
PBVita-Lab-170,GLOW,GLOW,10/10/50mg,1mg/1mg/5mg/ml,10ml,4202,4947
PBVita-Lab-313,KLOW,KLOW,10/10/10/50mg,1mg/1mg/1mg/10mg/ml,10ml,5635,6403
PBVita-Lab-424,Wolverine,Wolverine,10mg/10mg,1mg/1mg/ml,10ml,5846,6637
PBVita-Lab-426,BPC-157,BPC-157,10mg,1 mg/ml,10ml,5984,6757
PBVita-Lab-257,BPC-157,BPC-157,10mg,1 mg/ml,10ml,5918,6691
PBVita-Lab-172,TB-500,TB-500,10mg,1 mg/ml,10ml,4039,4756
PBVita-Lab-314,SS-31,SS-31,10mg,1 mg/ml,10ml,5691,6462
PBVita-Lab-394,AOD-9604,AOD-9604,10mg,1 mg/ml,10ml,5949,6723
PBVita-Lab-449,GHK-Cu,GHK-Cu,50mg,5 mg/ml,10ml,5872,6644
PBVita-Lab-176,MOTS-C,MOTS-C,20mg,2 mg/ml,10ml,4099,4816
PBVita-Lab-258,NAD+,NAD+,1000mg,100 mg/ml,10ml,5855,6633
PBVita-Lab-177,Sermorelin,Sermorelin,20mg,2 mg/ml,10ml,5897,6673
PBVita-Lab-315,Selank,Selank,10mg,1 mg/ml,10ml,5934,6706
PBVita-Lab-180,TA-1,TA-1,10mg,1 mg/ml,10ml,5857,6627
PBVita-Lab-425,Tesamorelin,Tesamorelin,30mg,3 mg/ml,10ml,5885,6662
PBVita-Lab-179,Cagrilintide,Cagrilintide,25mg,5 mg/ml,5ml,6015,6791
PBVita-Lab-259,CJC/Ipamorelin,CJC/Ipamorelin,10mg/10mg,1mg/1mg/ml,10ml,4258,4983
PBVita-Lab-175,GLOW,GLOW,10/10/50mg,1mg/1mg/5mg/ml,10ml,5455,6207
PBVita-Lab-316,KLOW,KLOW,10/10/10/50mg,1mg/1mg/1mg/10mg/ml,10ml,5889,6701
PBVita-Lab-381,Wolverine,Wolverine,10mg/10mg,1mg/1mg/ml,10ml,4141,4871
PBVita-Lab-450,BPC-157,BPC-157,10mg,1 mg/ml,10ml,5768,6541
PBVita-Lab-396,BPC-157,BPC-157,20mg,2 mg/ml,10ml,4074,4790
PBVita-Lab-260,TB-500,TB-500,10mg,1 mg/ml,10ml,5905,6677
PBVita-Lab-384,SS-31,SS-31,10mg,1 mg/ml,10ml,5877,6648
PBVita-Lab-317,AOD-9604,AOD-9604,10mg,1 mg/ml,10ml,5912,6686
PBVita-Lab-390,GHK-Cu,GHK-Cu,50mg,5 mg/ml,10ml,4065,4782
PBVita-Lab-370,MOTS-C,MOTS-C,20mg,2 mg/ml,10ml,5834,6606
PBVita-Lab-377,NAD+,NAD+,1000mg,100 mg/ml,10ml,5791,6569
PBVita-Lab-261,Sermorelin,Sermorelin,20mg,2 mg/ml,10ml,5849,6625
PBVita-Lab-388,Selank,Selank,10mg,1 mg/ml,10ml,5728,6500
PBVita-Lab-318,TA-1,TA-1,10mg,1 mg/ml,10ml,5888,6658
PBVita-Lab-174,Tesamorelin,Tesamorelin,30mg,3 mg/ml,10ml,5899,6676
PBVita-Lab-433,Cagrilintide,Cagrilintide,25mg,5 mg/ml,5ml,5845,6621
PBVita-Lab-385,CJC/Ipamorelin,CJC/Ipamorelin,10mg/10mg,1mg/1mg/ml,10ml,5726,6468
PBVita-Lab-262,GLOW,GLOW,10/10/50mg,1mg/1mg/5mg/ml,10ml,4094,4839
PBVita-Lab-382,KLOW,KLOW,10/10/10/50mg,1mg/1mg/1mg/10mg/ml,10ml,4124,4885
PBVita-Lab-319,Wolverine,Wolverine,10mg/10mg,1mg/1mg/ml,10ml,5908,6699
PBVita-Lab-292,BPC-157,BPC-157,10mg,1 mg/ml,10ml,5748,6521
PBVita-Lab-458,BPC-157,BPC-157,10mg,1 mg/ml,10ml,5938,6711
PBVita-Lab-383,TB-500,TB-500,10mg,1 mg/ml,10ml,5863,6635
PBVita-Lab-263,SS-31,SS-31,10mg,1 mg/ml,10ml,5913,6684
PBVita-Lab-386,AOD-9604,AOD-9604,10mg,1 mg/ml,10ml,5672,6398
PBVita-Lab-320,GHK-Cu,GHK-Cu,50mg,5 mg/ml,10ml,5687,6459
PBVita-Lab-392,MOTS-C,MOTS-C,20mg,2 mg/ml,10ml,5927,6699
PBVita-Lab-298,NAD+,NAD+,1000mg,100 mg/ml,10ml,4188,4915
PBVita-Lab-389,Sermorelin,Sermorelin,20mg,2 mg/ml,10ml,6032,6808
PBVita-Lab-264,Selank,Selank,10mg,1 mg/ml,10ml,5925,6697
PBVita-Lab-387,TA-1,TA-1,10mg,1 mg/ml,10ml,5872,6642
PBVita-Lab-321,Tesamorelin,Tesamorelin,30mg,3 mg/ml,10ml,5912,6689
PBVita-Lab-372,Cagrilintide,Cagrilintide,25mg,5 mg/ml,5ml,5803,6527
PBVita-Lab-434,CJC/Ipamorelin,CJC/Ipamorelin,10mg/10mg,1mg/1mg/ml,10ml,5921,6717
PBVita-Lab-459,GLOW,GLOW,10/10/50mg,1mg/1mg/5mg/ml,10ml,5909,6705
PBVita-Lab-265,KLOW,KLOW,10/10/10/50mg,1mg/1mg/1mg/10mg/ml,10ml,5926,6738
PBVita-Lab-379,Wolverine,Wolverine,10mg/10mg,1mg/1mg/ml,10ml,5862,6653
PBVita-Lab-322,BPC-157,BPC-157,10mg,1 mg/ml,10ml,6048,6821
PBVita-Lab-451,BPC-157,BPC-157,10mg,1 mg/ml,10ml,5817,6590
PBVita-Lab-266,TB-500,TB-500,10mg,1 mg/ml,10ml,5893,6665
PBVita-Lab-173,SS-31,SS-31,10mg,1 mg/ml,10ml,5592,6318
PBVita-Lab-323,AOD-9604,AOD-9604,10mg,1 mg/ml,10ml,5925,6699
PBVita-Lab-291,GHK-Cu,GHK-Cu,50mg,5 mg/ml,10ml,4113,4830
PBVita-Lab-267,MOTS-C,MOTS-C,20mg,2 mg/ml,10ml,5859,6631
PBVita-Lab-452,NAD+,NAD+,1000mg,100 mg/ml,10ml,5806,6584
PBVita-Lab-324,Sermorelin,Sermorelin,20mg,2 mg/ml,10ml,5901,6677
PBVita-Lab-378,Selank,Selank,10mg,1 mg/ml,10ml,5855,6627
PBVita-Lab-269,TA-1,TA-1,10mg,1 mg/ml,10ml,5912,6682
PBVita-Lab-435,Tesamorelin,Tesamorelin,30mg,3 mg/ml,10ml,5667,6393
PBVita-Lab-325,Cagrilintide,Cagrilintide,25mg,5 mg/ml,5ml,5874,6650
PBVita-Lab-380,CJC/Ipamorelin,CJC/Ipamorelin,10mg/10mg,1mg/1mg/ml,10ml,5950,6746
PBVita-Lab-270,GLOW,GLOW,10/10/50mg,1mg/1mg/5mg/ml,10ml,5865,6661
PBVita-Lab-391,KLOW,KLOW,10/10/10/50mg,1mg/1mg/1mg/10mg/ml,10ml,5795,6607
PBVita-Lab-271,Wolverine,Wolverine,10mg/10mg,1mg/1mg/ml,10ml,5927,6718
PBVita-Lab-427,BPC-157,BPC-157,10mg,1 mg/ml,10ml,5943,6716
PBVita-Lab-272,BPC-157,BPC-157,20mg,2 mg/ml,10ml,4178,4894
PBVita-Lab-393,TB-500,TB-500,10mg,1 mg/ml,10ml,5776,6502
PBVita-Lab-273,SS-31,SS-31,10mg,1 mg/ml,10ml,5954,6725
PBVita-Lab-376,AOD-9604,AOD-9604,10mg,1 mg/ml,10ml,5873,6647
PBVita-Lab-274,GHK-Cu,GHK-Cu,50mg,5 mg/ml,10ml,5814,6586
PBVita-Lab-171,MOTS-C,MOTS-C,20mg,2 mg/ml,10ml,4076,4793
PBVita-Lab-501,Semax,Semax,10mg,1 mg/ml,10ml,5974,6702
PBVita-Lab-502,Semax,Semax,10mg,1 mg/ml,10ml,5814,6497
PBVita-Lab-503,Semax,Semax,10mg,1 mg/ml,10ml,5702,6385
PBVita-Lab-504,Semax,Semax,10mg,1 mg/ml,10ml,5700,6383
PBVita-Lab-505,Semax,Semax,10mg,1 mg/ml,10ml,5697,6380
PBVita-Lab-506,PT-141,PT-141,20mg,2 mg/ml,10ml,5873,6602
PBVita-Lab-507,PT-141,PT-141,20mg,2 mg/ml,10ml,5722,6405
PBVita-Lab-508,PT-141,PT-141,20mg,2 mg/ml,10ml,5831,6560
PBVita-Lab-509,PT-141,PT-141,20mg,2 mg/ml,10ml,5742,6425
PBVita-Lab-510,PT-141,PT-141,20mg,2 mg/ml,10ml,5678,6361
PBVita-Lab-511,Melanotan II,Melanotan II,10mg,1 mg/ml,10ml,5854,6589
PBVita-Lab-512,Melanotan II,Melanotan II,10mg,1 mg/ml,10ml,5862,6597
PBVita-Lab-513,Melanotan II,Melanotan II,10mg,1 mg/ml,10ml,5934,6669
PBVita-Lab-514,Melanotan II,Melanotan II,10mg,1 mg/ml,10ml,5753,6436
PBVita-Lab-515,Melanotan II,Melanotan II,10mg,1 mg/ml,10ml,5764,6447
PBVita-Lab-516,KPV,KPV,10mg,1 mg/ml,10ml,5701,6384
PBVita-Lab-517,KPV,KPV,10mg,1 mg/ml,10ml,5906,6632
PBVita-Lab-518,KPV,KPV,10mg,1 mg/ml,10ml,5784,6467
PBVita-Lab-519,KPV,KPV,10mg,1 mg/ml,10ml,5929,6655
PBVita-Lab-520,KPV,KPV,10mg,1 mg/ml,10ml,5586,6269
PBVita-Lab-521,CJC-1295,CJC,10mg,1 mg/ml,10ml,5660,6386
PBVita-Lab-522,CJC-1295,CJC,10mg,1 mg/ml,10ml,5721,6404
PBVita-Lab-523,CJC-1295,CJC,10mg,1 mg/ml,10ml,5839,6565
PBVita-Lab-524,CJC-1295,CJC,10mg,1 mg/ml,10ml,5538,6221
PBVita-Lab-525,CJC-1295,CJC,10mg,1 mg/ml,10ml,5754,6437
PBVita-Lab-526,Ipamorelin-Solo,Ipamorelin,10mg,1 mg/ml,10ml,5573,6256
PBVita-Lab-527,Ipamorelin-Solo,Ipamorelin,10mg,1 mg/ml,10ml,5784,6467
PBVita-Lab-528,Ipamorelin-Solo,Ipamorelin,10mg,1 mg/ml,10ml,5727,6410
PBVita-Lab-529,Ipamorelin-Solo,Ipamorelin,10mg,1 mg/ml,10ml,5897,6630
PBVita-Lab-530,Ipamorelin-Solo,Ipamorelin,10mg,1 mg/ml,10ml,5735,6418
PBVita-Lab-531,Tesa-Ipa,Tesamorelin/Ipamorelin,12mg/3mg,,10ml,6052,6733
PBVita-Lab-532,Tesa-Ipa,Tesamorelin/Ipamorelin,12mg/3mg,,10ml,5781,6462
PBVita-Lab-533,Tesa-Ipa,Tesamorelin/Ipamorelin,12mg/3mg,,10ml,5951,6570
PBVita-Lab-534,Tesa-Ipa,Tesamorelin/Ipamorelin,12mg/3mg,,10ml,5943,6624
PBVita-Lab-535,Tesa-Ipa,Tesamorelin/Ipamorelin,12mg/3mg,,10ml,5869,6488
