Type,ID,SKU,Name,Images
simple,842,MOTS_C_40MG_PEN,MOTS-C 40mg Pen,https://raw.githubusercontent.com/PalmBeach-Vitality/store/cursor/all-product-white-backgrounds-3232/woocommerce-migration/data/all-product-white-backgrounds/mots-c-40mg-pen.jpg
simple,841,GLUTATHIONE_600MG_PEN,Glutathione 600mg Pen,https://raw.githubusercontent.com/PalmBeach-Vitality/store/cursor/all-product-white-backgrounds-3232/woocommerce-migration/data/all-product-white-backgrounds/glutathione-600mg-pen.jpg
simple,840,MELANOTAN_II_10MG_PEN,Melanotan II 10mg Pen,https://raw.githubusercontent.com/PalmBeach-Vitality/store/cursor/all-product-white-backgrounds-3232/woocommerce-migration/data/all-product-white-backgrounds/melanotan-ii-10mg-pen.jpg
simple,839,DIHEXA_10MG_PEN,Dihexa 10mg Pen,https://raw.githubusercontent.com/PalmBeach-Vitality/store/cursor/all-product-white-backgrounds-3232/woocommerce-migration/data/all-product-white-backgrounds/dihexa-10mg-pen.jpg
simple,838,KISSPEPTIN_10MG_PEN,Kisspeptin 10mg Pen,https://raw.githubusercontent.com/PalmBeach-Vitality/store/cursor/all-product-white-backgrounds-3232/woocommerce-migration/data/all-product-white-backgrounds/kisspeptin-10mg-pen.jpg
simple,837,IGF_LR3_1MG_PEN,IGF-LR3 1mg Pen,https://raw.githubusercontent.com/PalmBeach-Vitality/store/cursor/all-product-white-backgrounds-3232/woocommerce-migration/data/all-product-white-backgrounds/igf-lr3-1mg-pen.jpg
simple,836,IPAMORELIN_30MG_PEN,Ipamorelin 30mg Pen,https://raw.githubusercontent.com/PalmBeach-Vitality/store/cursor/all-product-white-backgrounds-3232/woocommerce-migration/data/all-product-white-backgrounds/ipamorelin-30mg-pen.jpg
simple,835,CJC_1295_10MG_PEN,CJC-1295 10mg Pen,https://raw.githubusercontent.com/PalmBeach-Vitality/store/cursor/all-product-white-backgrounds-3232/woocommerce-migration/data/all-product-white-backgrounds/cjc-1295-10mg-pen.jpg
simple,834,EPITHALON_50MG_PEN,Epithalon 50mg Pen,https://raw.githubusercontent.com/PalmBeach-Vitality/store/cursor/all-product-white-backgrounds-3232/woocommerce-migration/data/all-product-white-backgrounds/epithalon-50mg-pen.jpg
simple,833,NAD_1600MG_PEN,NAD+ 1600mg Pen,https://raw.githubusercontent.com/PalmBeach-Vitality/store/cursor/all-product-white-backgrounds-3232/woocommerce-migration/data/all-product-white-backgrounds/nad-1600mg-pen.jpg
simple,832,NAD_1000MG_PEN,NAD+ 1000mg Pen,https://raw.githubusercontent.com/PalmBeach-Vitality/store/cursor/all-product-white-backgrounds-3232/woocommerce-migration/data/all-product-white-backgrounds/nad-1000mg-pen.jpg
simple,831,TB_500_10MG_PEN,TB-500 10mg Pen,https://raw.githubusercontent.com/PalmBeach-Vitality/store/cursor/all-product-white-backgrounds-3232/woocommerce-migration/data/all-product-white-backgrounds/tb-500-10mg-pen.jpg
simple,830,BPC_157_10MG_PEN,BPC-157 10mg Pen,https://raw.githubusercontent.com/PalmBeach-Vitality/store/cursor/all-product-white-backgrounds-3232/woocommerce-migration/data/all-product-white-backgrounds/bpc-157-10mg-pen.jpg
simple,829,CAGRILINTIDE_10MG_PEN,Cagrilintide 10mg Pen,https://raw.githubusercontent.com/PalmBeach-Vitality/store/cursor/all-product-white-backgrounds-3232/woocommerce-migration/data/all-product-white-backgrounds/cagrilintide-10mg-pen.jpg
simple,828,RETATRUTIDE_48MG_PEN,Retatrutide 48mg Pen,https://raw.githubusercontent.com/PalmBeach-Vitality/store/cursor/all-product-white-backgrounds-3232/woocommerce-migration/data/all-product-white-backgrounds/retatrutide-48mg-pen.jpg
simple,827,TESAMORELIN_IPAMORELIN_VIAL,Tesamorelin / Ipamorelin 12mg/3mg Vial,https://raw.githubusercontent.com/PalmBeach-Vitality/store/cursor/all-product-white-backgrounds-3232/woocommerce-migration/data/all-product-white-backgrounds/tesamorelin-ipamorelin-12mg-3mg-vial.jpg
simple,826,IPAMORELIN_10MG_VIAL,Ipamorelin 10mg Vial,https://raw.githubusercontent.com/PalmBeach-Vitality/store/cursor/all-product-white-backgrounds-3232/woocommerce-migration/data/all-product-white-backgrounds/ipamorelin-10mg-vial.jpg
simple,825,KPV_10MG_VIAL,KPV 10mg Vial,https://raw.githubusercontent.com/PalmBeach-Vitality/store/cursor/all-product-white-backgrounds-3232/woocommerce-migration/data/all-product-white-backgrounds/kpv-10mg-vial.jpg
simple,614,,BPC-157 20mg Pen,https://raw.githubusercontent.com/PalmBeach-Vitality/store/cursor/all-product-white-backgrounds-3232/woocommerce-migration/data/all-product-white-backgrounds/BPC-157_pen_whitebg.jpg
simple,303,PBV-WOLVERINE-VIAL,Wolverine Vial,https://raw.githubusercontent.com/PalmBeach-Vitality/store/cursor/all-product-white-backgrounds-3232/woocommerce-migration/data/all-product-white-backgrounds/Wolverine_vial_whitebg-1.jpg
simple,301,PBV-TB-500-VIAL,TB-500 Vial,https://raw.githubusercontent.com/PalmBeach-Vitality/store/cursor/all-product-white-backgrounds-3232/woocommerce-migration/data/all-product-white-backgrounds/TB-500_vial_whitebg-1.jpg
simple,299,PBV-SERMORELIN-VIAL,Sermorelin 10mg Vial,https://raw.githubusercontent.com/PalmBeach-Vitality/store/cursor/all-product-white-backgrounds-3232/woocommerce-migration/data/all-product-white-backgrounds/Semorlin_vial_whitebg-1.jpg
simple,298,PBV-SEMAX-VIAL,Semax 10mg Vial,https://raw.githubusercontent.com/PalmBeach-Vitality/store/cursor/all-product-white-backgrounds-3232/woocommerce-migration/data/all-product-white-backgrounds/semax-vial__CORRECT-matched.jpg
simple,297,PBV-SELANK-VIAL,Selank Vial,https://raw.githubusercontent.com/PalmBeach-Vitality/store/cursor/all-product-white-backgrounds-3232/woocommerce-migration/data/all-product-white-backgrounds/Selank_vial_whitebg-1.jpg
simple,296,PBV-PT-141-VIAL,PT-141 Vial,https://raw.githubusercontent.com/PalmBeach-Vitality/store/cursor/all-product-white-backgrounds-3232/woocommerce-migration/data/all-product-white-backgrounds/PT-141_vial_whitebg-1.jpg
simple,295,PBV-MOTS-C-VIAL,MOTS-C 25mg Vial,https://raw.githubusercontent.com/PalmBeach-Vitality/store/cursor/all-product-white-backgrounds-3232/woocommerce-migration/data/all-product-white-backgrounds/MOTS-C_25mg_vial_whitebg-1.jpg
simple,294,PBV-KLOW-VIAL,KLOW Vial,https://raw.githubusercontent.com/PalmBeach-Vitality/store/cursor/all-product-white-backgrounds-3232/woocommerce-migration/data/all-product-white-backgrounds/KLOW_vial_whitebg-1.jpg
simple,292,PBV-GHK-CU-VIAL,GHK-Cu Vial,https://raw.githubusercontent.com/PalmBeach-Vitality/store/cursor/all-product-white-backgrounds-3232/woocommerce-migration/data/all-product-white-backgrounds/GHK-cu_vial_whitebg-1.jpg
simple,291,PBV-CJC-IPAMORELIN-VIAL,CJC/Ipamorelin Vial,https://raw.githubusercontent.com/PalmBeach-Vitality/store/cursor/all-product-white-backgrounds-3232/woocommerce-migration/data/all-product-white-backgrounds/CJC-IPA_vial_whitebg-1.jpg
simple,290,PBV-CJC-VIAL,CJC 10mg Vial,https://raw.githubusercontent.com/PalmBeach-Vitality/store/cursor/all-product-white-backgrounds-3232/woocommerce-migration/data/all-product-white-backgrounds/CJC__vial_whitebg.jpg
simple,208,PBV-NAD-PEN-500MG,NAD+ Pen 500mg,https://raw.githubusercontent.com/PalmBeach-Vitality/store/cursor/all-product-white-backgrounds-3232/woocommerce-migration/data/all-product-white-backgrounds/NAD_pen_whitebg.jpg
simple,206,PBV-NAD-500MG,NAD+ 500mg Vial,https://raw.githubusercontent.com/PalmBeach-Vitality/store/cursor/all-product-white-backgrounds-3232/woocommerce-migration/data/all-product-white-backgrounds/NAD_500mg_vial-whitebg-1.jpg
simple,204,PBV-RETATRUTIDE-40MG-PEN,Retatrutide 40mg Pen,https://raw.githubusercontent.com/PalmBeach-Vitality/store/cursor/all-product-white-backgrounds-3232/woocommerce-migration/data/all-product-white-backgrounds/reta_40mg_whitebg.jpg
simple,203,PBV-RETATRUTIDE-32MG-PEN,Retatrutide 32mg Pen,https://raw.githubusercontent.com/PalmBeach-Vitality/store/cursor/all-product-white-backgrounds-3232/woocommerce-migration/data/all-product-white-backgrounds/reta_32mg_pen_whitebg.jpg
simple,201,PBV-RETATRUTIDE-24MG-PEN,Retatrutide 24mg Pen,https://raw.githubusercontent.com/PalmBeach-Vitality/store/cursor/all-product-white-backgrounds-3232/woocommerce-migration/data/all-product-white-backgrounds/reta_24mg_pen_whitebg.jpg
simple,199,PBV-RETATRUTIDE-16MG-PEN,Retatrutide 16mg Pen,https://raw.githubusercontent.com/PalmBeach-Vitality/store/cursor/all-product-white-backgrounds-3232/woocommerce-migration/data/all-product-white-backgrounds/reta_16mg_pen_whitebg.jpg
simple,197,PBV-RETATRUTIDE-8MG-PEN,Retatrutide 8mg Pen,https://raw.githubusercontent.com/PalmBeach-Vitality/store/cursor/all-product-white-backgrounds-3232/woocommerce-migration/data/all-product-white-backgrounds/Reta_8mg_pen_whitebg.jpg
simple,195,PBV-TIRZEPATIDE-50MG-PEN,Tirzepatide 50mg Pen,https://raw.githubusercontent.com/PalmBeach-Vitality/store/cursor/all-product-white-backgrounds-3232/woocommerce-migration/data/all-product-white-backgrounds/tirz_50mg_pen_whitebg.jpg
simple,191,PBV-TIRZEPATIDE-60MG-PEN,Tirzepatide 60mg Pen,https://raw.githubusercontent.com/PalmBeach-Vitality/store/cursor/all-product-white-backgrounds-3232/woocommerce-migration/data/all-product-white-backgrounds/tirz_60mg_pen_whitebg.jpg
simple,187,PBV-TIRZEPATIDE-40MG-PEN,Tirzepatide 40mg Pen,https://raw.githubusercontent.com/PalmBeach-Vitality/store/cursor/all-product-white-backgrounds-3232/woocommerce-migration/data/all-product-white-backgrounds/Tirz_40mg_pen_whitebg.jpg
simple,185,PBV-TIRZEPATIDE-30MG-PEN,Tirzepatide 30mg Pen,https://raw.githubusercontent.com/PalmBeach-Vitality/store/cursor/all-product-white-backgrounds-3232/woocommerce-migration/data/all-product-white-backgrounds/Tirz_30mg_pen_whitebg.jpg
simple,183,PBV-TIRZEPATIDE-20MG-PEN,Tirzepatide 20mg Pen,https://raw.githubusercontent.com/PalmBeach-Vitality/store/cursor/all-product-white-backgrounds-3232/woocommerce-migration/data/all-product-white-backgrounds/Tirz_20mg_pen_whitebg.jpg
simple,181,PBV-TIRZEPATIDE-10MG-PEN,Tirzepatide 10mg Pen,https://raw.githubusercontent.com/PalmBeach-Vitality/store/cursor/all-product-white-backgrounds-3232/woocommerce-migration/data/all-product-white-backgrounds/Tirz_10mg_pen_whitebg.jpg
simple,179,PBV-SEMAGLUTIDE-15MG-PEN,Semaglutide 15mg Pen,https://raw.githubusercontent.com/PalmBeach-Vitality/store/cursor/all-product-white-backgrounds-3232/woocommerce-migration/data/all-product-white-backgrounds/sema_15mg_pen_whitebg.jpg
simple,177,PBV-SEMAGLUTIDE-10MG-PEN,Semaglutide 10mg Pen,https://raw.githubusercontent.com/PalmBeach-Vitality/store/cursor/all-product-white-backgrounds-3232/woocommerce-migration/data/all-product-white-backgrounds/sema_10mg_pen_whitebg.jpg
simple,175,PBV-SEMAGLUTIDE-7-5MG-PEN,Semaglutide 7.5mg Pen,https://raw.githubusercontent.com/PalmBeach-Vitality/store/cursor/all-product-white-backgrounds-3232/woocommerce-migration/data/all-product-white-backgrounds/sema_7.5mg_whitebg.jpg
simple,173,PBV-SEMAGLUTIDE-5-5MG-PEN,Semaglutide 5.5mg Pen,https://raw.githubusercontent.com/PalmBeach-Vitality/store/cursor/all-product-white-backgrounds-3232/woocommerce-migration/data/all-product-white-backgrounds/Sema_5.5mg_pen_whitebg.jpg
simple,171,PBV-SEMAGLUTIDE-3-5MG-PEN,Semaglutide 3.5mg Pen,https://raw.githubusercontent.com/PalmBeach-Vitality/store/cursor/all-product-white-backgrounds-3232/woocommerce-migration/data/all-product-white-backgrounds/Sema_3.5mg_pen_whitebg.jpg
simple,169,PBV-SEMAGLUTIDE-1-5MG-PEN,Semaglutide 1.5mg Pen,https://raw.githubusercontent.com/PalmBeach-Vitality/store/cursor/all-product-white-backgrounds-3232/woocommerce-migration/data/all-product-white-backgrounds/Sema_1.5mg_pen_whitebg.jpg
simple,167,PBV-TIRZEPATIDE-200MG,Tirzepatide 200mg,https://raw.githubusercontent.com/PalmBeach-Vitality/store/cursor/all-product-white-backgrounds-3232/woocommerce-migration/data/all-product-white-backgrounds/Tirzeptaide_200mg_vial_whitebg-1.jpg
simple,165,PBV-RETATRUTIDE-200MG,Retatrutide 200mg,https://raw.githubusercontent.com/PalmBeach-Vitality/store/cursor/all-product-white-backgrounds-3232/woocommerce-migration/data/all-product-white-backgrounds/Reta_200mg_vial_whitebg-1.jpg
simple,163,PBV-RETATRUTIDE-100MG,Retatrutide 100mg,https://raw.githubusercontent.com/PalmBeach-Vitality/store/cursor/all-product-white-backgrounds-3232/woocommerce-migration/data/all-product-white-backgrounds/Reta_100mg_vial_whitebg-1.jpg
simple,161,PBV-SEMAGLUTIDE-50MG,Semaglutide 50mg,https://raw.githubusercontent.com/PalmBeach-Vitality/store/cursor/all-product-white-backgrounds-3232/woocommerce-migration/data/all-product-white-backgrounds/Semaglutide_50mg_vial_whitebg-1.jpg
simple,159,PBV-KPV,KPV Pen,https://raw.githubusercontent.com/PalmBeach-Vitality/store/cursor/all-product-white-backgrounds-3232/woocommerce-migration/data/all-product-white-backgrounds/KPV_pen_whitebg.jpg
simple,157,PBV-SS-31-PEN,SS-31 Pen,https://raw.githubusercontent.com/PalmBeach-Vitality/store/cursor/all-product-white-backgrounds-3232/woocommerce-migration/data/all-product-white-backgrounds/SS-31_pen_whitebg.jpg
simple,153,PBV-5-AMINO-1MQ-PEN,5-Amino-1MQ Pen,https://raw.githubusercontent.com/PalmBeach-Vitality/store/cursor/all-product-white-backgrounds-3232/woocommerce-migration/data/all-product-white-backgrounds/5-Amino-MQ_pen_whitebg.jpg
simple,151,PBV-GHK-CU-PEN,GHK-Cu Pen,https://raw.githubusercontent.com/PalmBeach-Vitality/store/cursor/all-product-white-backgrounds-3232/woocommerce-migration/data/all-product-white-backgrounds/GHK-Cu_pen_whitebg.jpg
simple,149,PBV-DSIP-PEN,DSIP Pen,https://raw.githubusercontent.com/PalmBeach-Vitality/store/cursor/all-product-white-backgrounds-3232/woocommerce-migration/data/all-product-white-backgrounds/DRIP_pen_whitebg.jpg
simple,147,PBV-CJC-IPAMORELIN-1,CJC/Ipamorelin Pen,https://raw.githubusercontent.com/PalmBeach-Vitality/store/cursor/all-product-white-backgrounds-3232/woocommerce-migration/data/all-product-white-backgrounds/CJC_Ipa_pen_whitebg.jpg
simple,145,PBV-WOLVERINE-PEN,Wolverine Pen,https://raw.githubusercontent.com/PalmBeach-Vitality/store/cursor/all-product-white-backgrounds-3232/woocommerce-migration/data/all-product-white-backgrounds/Wolverine_pen_whitebg.jpg
simple,143,PBV-TESAMORELIN-IPAMORELIN-PEN,Tesamorelin/Ipamorelin Pen,https://raw.githubusercontent.com/PalmBeach-Vitality/store/cursor/all-product-white-backgrounds-3232/woocommerce-migration/data/all-product-white-backgrounds/Tesa_ipa_pen_whitebg.jpg
simple,141,PBV-TESAMORELIN-30MG-PEN,Tesamorelin 30mg Pen,https://raw.githubusercontent.com/PalmBeach-Vitality/store/cursor/all-product-white-backgrounds-3232/woocommerce-migration/data/all-product-white-backgrounds/Tesamorelin_30mg_pen_whitebg.jpg
simple,139,PBV-TESAMORELIN-10MG-PEN,Tesamorelin 10mg Pen,https://raw.githubusercontent.com/PalmBeach-Vitality/store/cursor/all-product-white-backgrounds-3232/woocommerce-migration/data/all-product-white-backgrounds/Tesamorelin_10mg_pen_whitebg.jpg
simple,137,PBV-TA-2,TA-1 Pen,https://raw.githubusercontent.com/PalmBeach-Vitality/store/cursor/all-product-white-backgrounds-3232/woocommerce-migration/data/all-product-white-backgrounds/TA-1_pen_whitebg.jpg
simple,135,PBV-SERMORELIN-PEN,Sermorelin Pen,https://raw.githubusercontent.com/PalmBeach-Vitality/store/cursor/all-product-white-backgrounds-3232/woocommerce-migration/data/all-product-white-backgrounds/Sermorelin_pen_whitebg.jpg
simple,133,PBV-SELANK-PEN,Selank Pen,https://raw.githubusercontent.com/PalmBeach-Vitality/store/cursor/all-product-white-backgrounds-3232/woocommerce-migration/data/all-product-white-backgrounds/Selank_pen_whitebg.jpg
simple,131,PBV-SEMAX-PEN,Semax Pen,https://raw.githubusercontent.com/PalmBeach-Vitality/store/cursor/all-product-white-backgrounds-3232/woocommerce-migration/data/all-product-white-backgrounds/Semax_pen_whitebg.jpg
simple,129,PBV-PT-141-PEN,PT-141 Pen,https://raw.githubusercontent.com/PalmBeach-Vitality/store/cursor/all-product-white-backgrounds-3232/woocommerce-migration/data/all-product-white-backgrounds/PT-141_pen_whitebg.jpg
simple,125,PBV-MOTS-C,MOTS-C 20mg Pen,https://raw.githubusercontent.com/PalmBeach-Vitality/store/cursor/all-product-white-backgrounds-3232/woocommerce-migration/data/all-product-white-backgrounds/MOTS-C_pen_whitebg.jpg
simple,123,PBV-KLOW-PEN,KLOW Pen,https://raw.githubusercontent.com/PalmBeach-Vitality/store/cursor/all-product-white-backgrounds-3232/woocommerce-migration/data/all-product-white-backgrounds/KLOW_pen_whitebg.jpg
simple,121,PBV-SEMAGLUTIDE,Semaglutide 25mg,https://raw.githubusercontent.com/PalmBeach-Vitality/store/cursor/all-product-white-backgrounds-3232/woocommerce-migration/data/all-product-white-backgrounds/Semaglutide_25mg_vial_whitebg.jpg
simple,119,PBV-TIRZEPATIDE,Tirzepatide 100mg,https://raw.githubusercontent.com/PalmBeach-Vitality/store/cursor/all-product-white-backgrounds-3232/woocommerce-migration/data/all-product-white-backgrounds/Tirzepatide_100mg_vial_whitebg-1.jpg
simple,117,PBV-RETATRUTIDE,Retatrutide 60mg,https://raw.githubusercontent.com/PalmBeach-Vitality/store/cursor/all-product-white-backgrounds-3232/woocommerce-migration/data/all-product-white-backgrounds/Reta_60mg_vial_whitebg-1.jpg
simple,114,PBV-MELANOTAN-II,Melanotan II Vial,https://raw.githubusercontent.com/PalmBeach-Vitality/store/cursor/all-product-white-backgrounds-3232/woocommerce-migration/data/all-product-white-backgrounds/Melanotan_2_vial_whitebg-1.jpg
simple,111,PBV-AOD-9604,AOD-9604 Vial,https://raw.githubusercontent.com/PalmBeach-Vitality/store/cursor/all-product-white-backgrounds-3232/woocommerce-migration/data/all-product-white-backgrounds/AOD-9604_vial_whitebg-1.jpg
simple,108,PBV-TA-1,TA-1 Vial,https://raw.githubusercontent.com/PalmBeach-Vitality/store/cursor/all-product-white-backgrounds-3232/woocommerce-migration/data/all-product-white-backgrounds/TA-1_vial_whitebg-1.jpg
