Email,First name,Last name,Subscription time,Confirmation time,List status,Global status,List
peprd13@gmail.com,,,2026-09-13 22:20:40,2026-09-13 22:20:40,subscribed,subscribed,Palm Beach Vitality
brianrajewski@gmail.com,,,2026-09-03 00:14:26,2026-09-03 00:14:26,subscribed,subscribed,Palm Beach Vitality
sales@palmbeach-vitality.com,Salvatore,Johnson,2026-08-31 13:13:32,2026-08-31 13:13:32,subscribed,subscribed,Palm Beach Vitality
salvatorejohnson1984@gmail.com,Salvatore,Johnson,2026-08-22 21:40:16,2026-08-24 22:38:01,subscribed,subscribed,Palm Beach Vitality
kalielunsford727@gmail.com,,,2026-08-21 12:42:36,2026-08-21 12:42:36,subscribed,subscribed,Palm Beach Vitality
gold8316@aol.com,,,2026-08-21 03:12:26,,subscribed,subscribed,Palm Beach Vitality
billy.wilder3@gmail.com,,,2026-08-19 16:49:44,,subscribed,subscribed,Palm Beach Vitality
palmbeachpeptides@gmail.com,,,2026-08-19 11:16:42,2026-08-19 19:29:45,subscribed,subscribed,Palm Beach Vitality
kdc0401@yahoo.com,,,2026-08-19 15:15:04,,unsubscribed,unsubscribed,Palm Beach Vitality
