campaign_id,status,subject,preview_text,from_name,from_email,reply_to,issue_line,header_image_url,shop_url,industry_label,industry_body,spotlight_label,spotlight_heading,spotlight_body,status_box,links_label,link_1_text,link_1_url,link_2_text,link_2_url,link_3_text,link_3_url,disclaimer,footer_tagline,facebook_url,instagram_url,tiktok_url,test_email,delay_seconds
LN-TEST-001,tested,[Test] Lab Notes inbox check,"Confirm this weekly layout lands in the inbox, not spam.",Palm Beach Vitality,info@palmbeach-vitality.com,info@palmbeach-vitality.com,Weekly Research Update  ·  Inbox check,https://raw.githubusercontent.com/PalmBeach-Vitality/store/cursor/lab-notes-newsletter-n8n-3232/woocommerce-migration/assets/lab-notes-header.jpg,https://palmbeach-vitality.store/shop/,INDUSTRY UPDATE,"This is a one-person inbox check of the weekly Lab Notes layout. If this lands in Primary with a verified sender, the August 28 issue is ready to test next.
Leave LN-TEST-001 on test so it only goes to sales@.",PRODUCT SPOTLIGHT,Inbox check,"The real weekly issue is row LN-001. After this inbox check, set LN-TEST-001 to tested, fill LN-001 if needed, set LN-001 to test, and run the send workflow again.","Current status: test send to sales@ only
Next step: Show original for SPF / DKIM / DMARC pass",RECENT RESEARCH & SCIENCE LINKS,Palm Beach Vitality shop,https://palmbeach-vitality.store/shop/,Research peptides catalog,https://palmbeach-vitality.store/product-category/peptides/,Contact,https://palmbeach-vitality.store/contact/,"All products are intended strictly for research use only — not for human consumption, diagnostic, or therapeutic purposes.",Research Peptides · Verified Purity · COA Documentation,https://www.facebook.com/people/Palm-Beach-Vitality/61592263329627/,https://www.instagram.com/palmbeachvitality/,https://www.tiktok.com/@palmbeachvitality,sales@palmbeach-vitality.com,12
LN-001,sent,Lab Notes: FDA compounding next steps · Aug 28,PCAC votes are non-binding. Here is what the 8–12 month rulemaking window means for research-grade peptides.,Palm Beach Vitality,info@palmbeach-vitality.com,info@palmbeach-vitality.com,"Weekly Research Update  ·  August 28, 2026",https://raw.githubusercontent.com/PalmBeach-Vitality/store/cursor/lab-notes-newsletter-n8n-3232/woocommerce-migration/assets/lab-notes-header.jpg,https://palmbeach-vitality.store/shop/,INDUSTRY UPDATE,"One month after the FDA’s Pharmacy Compounding Advisory Committee recommended six peptides for the 503A Bulk Drug Substances List, the research and compounding communities are watching the next phase closely. The July votes remain non-binding. Formal notice-and-comment rulemaking is still required before any clear legal pathway for compounding exists, a process that historically takes eight to twelve months.
In the interim, demand for research-grade material continues to emphasize verified purity, full COA documentation, and consistent manufacturing standards. Industry observers note that the gap between advisory recommendations and final FDA action creates a period of heightened scrutiny around sourcing, testing, and documentation practices across the peptide space.",PRODUCT SPOTLIGHT,Research Peptide Landscape Update,"With formal rulemaking still ahead, laboratories and research suppliers continue to prioritize independent third-party testing and transparent certificates of analysis. The distinction between research-use material and any future compounded preparations remains central. Palm Beach Vitality maintains USA-manufactured research peptides with verified purity and COA documentation on every order, independent of regulatory timelines.","Current status: PCAC recommendations non-binding
Next step: FDA notice-and-comment rulemaking (est. 8–12 months)",RECENT RESEARCH & SCIENCE LINKS,"McGuire et al., “Regeneration or Risk? A Narrative Review of BPC-157 for Musculoskeletal Healing,” Current Reviews in Musculoskeletal Medicine, 2025",https://link.springer.com/article/10.1007/s12178-025-09990-7,"Vasireddi et al., “Emerging Use of BPC-157 in Orthopaedic Sports Medicine: A Systematic Review,” HSS Journal, 2025",https://pubmed.ncbi.nlm.nih.gov/40756949/,"Pharmacy Times, “Heal or Harm: Body Protective Compound-157 in the Gray Zone,” July 2026",https://www.pharmacytimes.com/view/heal-or-harm-body-protective-compound-157-in-the-gray-zone,"All products are intended strictly for research use only — not for human consumption, diagnostic, or therapeutic purposes.",Research Peptides · Verified Purity · COA Documentation,https://www.facebook.com/people/Palm-Beach-Vitality/61592263329627/,https://www.instagram.com/palmbeachvitality/,https://www.tiktok.com/@palmbeachvitality,sales@palmbeach-vitality.com,12
LN-002,sent,Lab Notes: PCAC follow-ups · Aug 31,"Advisory votes still aren’t compounding. 12–24 months of rulemaking, plus this week’s research notes.",Palm Beach Vitality,info@palmbeach-vitality.com,info@palmbeach-vitality.com,"Weekly Research Update  ·  August 31, 2026",https://raw.githubusercontent.com/PalmBeach-Vitality/store/cursor/lab-notes-newsletter-n8n-3232/woocommerce-migration/assets/lab-notes-header.jpg,https://palmbeach-vitality.store/shop/,INDUSTRY UPDATE,"AJMC (Aug 26) recapped the PCAC’s narrow votes recommending BPC-157, KPV, TB-500, MOTS-c, Epitalon, and Semax for the 503A Bulks List, with Emideltide/DSIP rejected. FDA scientists had pushed back on thin human safety and efficacy data; the panel, including some industry-tied members, went the other way. Nothing is legally compoundable yet. Formal notice-and-comment rulemaking could take 12–24 months.
Newsday (Aug 24, Robert Pearl) and a PharmExec Q&A with James LaValle, International Peptide Society chair (visible Aug 31), both stress the votes were advisory only—no immediate legal change, no FDA approval. Pearl notes millions sourcing from unverified overseas suppliers and argues any access should pair with NIH/FDA registries and trials. LaValle says evaluate each peptide separately and warns prolonged limbo pushes people to unregulated sources. No new FDA.gov notices or Federal Register actions landed this window. The agency still has not finalized anything from the July meeting.",PRODUCT SPOTLIGHT,Research Peptide Landscape Update,"AJMC also flagged state-level patchwork enforcement, gray-market contamination risk, and overlap with GLP-1 compounding crackdowns. With 12–24 months of rulemaking still ahead, laboratories continue to prioritize independent third-party testing. The distinction between research-use material and any future compounded preparations remains central. Palm Beach Vitality maintains USA-manufactured research peptides with verified purity and COA documentation on every order, independent of regulatory timelines.","Current status: PCAC recommendations advisory only — not compoundable
Next step: FDA notice-and-comment rulemaking (est. 12–24 months)",RECENT RESEARCH & SCIENCE LINKS,"PeptideStaff (Aug 30/31), Q2 2026 clinical trial results",https://peptidestaff.com/news/peptide-clinical-trial-results-q2-2026/,"UCLA Health (Aug 27–28), cell-permeable HCV peptide",https://www.uclahealth.org/news/release/ucla-researchers-identify-peptide,"Stanford Medicine, peptide discovery vs gray-market hype after GLP-1 success",https://med.stanford.edu/news/all-news/2025/03/ozempic-rival.html,"All products are intended strictly for research use only — not for human consumption, diagnostic, or therapeutic purposes.",Research Peptides · Verified Purity · COA Documentation,https://www.facebook.com/people/Palm-Beach-Vitality/61592263329627/,https://www.instagram.com/palmbeachvitality/,https://www.tiktok.com/@palmbeachvitality,sales@palmbeach-vitality.com,12
LN-003,sent,Lab Notes: FDA warning letters · Sep 11,Five research-peptide warning letters posted Sept 1. Plus a new U.S. BPC-157 trial listing.,Palm Beach Vitality,info@palmbeach-vitality.com,info@palmbeach-vitality.com,"Weekly Research Update  ·  September 11, 2026",https://raw.githubusercontent.com/PalmBeach-Vitality/store/cursor/lab-notes-newsletter-n8n-3232/woocommerce-migration/assets/lab-notes-header.jpg,https://palmbeach-vitality.store/shop/,INDUSTRY UPDATE,"On September 1 the FDA posted five warning letters issued August 24 to online research-peptide sellers: Peak Performance Peptides, Royal Peptides LLC, NuScience Peptides LLC, Peptide Partners LLC, and TXP Innovations LLC (Tex Peptides). Reviewed products included retatrutide (“GLP-3R”), semaglutide, SS-31/Elamipretide, Tesamorelin, PT-141, and bacteriostatic water — all treated as unapproved new drugs.
The agency explicitly rejected “research use only / not for human consumption” language where marketing, pairing with bacteriostatic water, or claims established intended human use. Intended-use doctrine overrides disclaimers. This is a direct enforcement signal against the research-peptide e-commerce model. Research-use-only positioning remains high-risk when any human-use signals exist.",RESEARCH UPDATE,New U.S. Clinical Trial Posted for BPC-157,"ClinicalTrials.gov NCT07803250 was first posted / last updated September 3, 2026. University of Arkansas Phase 1 randomized, double-blind, placebo-controlled pilot (estimated n=30, not yet recruiting). Daily subcutaneous BPC-157 vs saline for 90 days after arthroscopic rotator cuff repair; endpoints include strength, MRI healing, PROMs, and biomarkers. Estimated start January 2027. This is a rare formal U.S. academic registration for BPC-157. It remains investigational and does not change compounding or commercial status.","NCT07803250  ·  Phase 1  ·  Est. n=30  ·  Not yet recruiting
90-day SC protocol  ·  Est. start January 2027",RECENT RESEARCH & SCIENCE LINKS,"FDA Warning Letter — Peak Performance Peptides (issued Aug 24, posted Sept 1, 2026)",https://www.fda.gov/inspections-compliance-enforcement-and-criminal-investigations/warning-letters/peak-performance-peptides-735127-08242026,"ClinicalTrials.gov NCT07803250 — BPC-157 after rotator cuff repair (posted Sept 3, 2026)",https://clinicaltrials.gov/study/NCT07803250,"FDA — Concerns with Unapproved GLP-1 Drugs Used for Weight Loss (live as of Sept 7, 2026)",https://www.fda.gov/drugs/drug-alerts-and-statements/fdas-concerns-unapproved-glp-1-drugs-used-weight-loss,"All products are intended strictly for research use only — not for human consumption, diagnostic, or therapeutic purposes.",Research Peptides · Verified Purity · COA Documentation,https://www.facebook.com/people/Palm-Beach-Vitality/61592263329627/,https://www.instagram.com/palmbeachvitality/,https://www.tiktok.com/@palmbeachvitality,sales@palmbeach-vitality.com,12
