Type,ID,SKU,Name,Description
simple,288,PBV-BPC-157-10MG,BPC-157 10mg Vial,"<p><strong>BPC-157 10 mL Vial</strong></p>
<p><strong>The Science, Simplified:</strong> BPC-157 is a synthetic gastric pentadecapeptide derived from a partial sequence of a protein found in human gastric juice, used as a discrete peptide research tool in cell and tissue culture models.</p>
<p><strong>Product Specifications – BPC-157 10 mL Vial (10 mg)</strong></p>
<ul>
<li>Total BPC-157: 10 mg</li>
<li>Volume: 10 mL vial</li>
<li>Concentration: 1 mg/mL</li>
<li>Purity: ≥99%, third-party tested (COA available)</li>
<li>Format: Ready-to-use liquid vial</li>
</ul>
<p><strong>Key Research Focus:</strong> Examined in laboratory literature for cytoprotective signaling, angiogenesis-related assays, and gastrointestinal mucosal model systems under controlled RUO conditions.</p>
<p><strong>Physical Form &amp; Solubility:</strong></p>
<ul>
<li>Appearance: Clear to slightly opalescent liquid</li>
<li>Solubility: Already in aqueous solution (acetate salt form for optimal solubility and stability). Highly soluble; no reconstitution required.</li>
</ul>
<p><strong>Stability &amp; Handling Notes:</strong></p>
<ul>
<li>Refrigerated at 36-46°F. Practical shelf life is <strong>16-20 weeks</strong> when protected from light and handled with aseptic technique.</li>
<li>Do not freeze. Avoid prolonged room-temperature exposure.</li>
<li>Discard after 20 weeks or if the solution becomes cloudy, discolored, or shows particulate matter.</li>
<li>Protect from light and moisture at all times.</li>
<li>For <strong>lyophilized</strong> orders please contact us (minimum order required)<br /><a href=""https://www.palmbeach-vitality.com"">https://www.palmbeach-vitality.com</a></li>
</ul>
<p>BPC-157 10 mg / 10 mL (1 mg/mL) research vial from Palm Beach Vitality. Third-party tested with COA. Laboratory research use only.</p>
<p><strong>How Labs Use This Format:</strong> Labs pipette aliquots at 1 mg/mL from this sealed ready-to-use liquid vial for single-compound BPC-157 pathway work. BPC pen formats may be available in the peptide pens category if listed live on the store.</p>
<p><strong>Documentation Trail:</strong> Third-party testing and lot-matched COA from Palm Beach Vitality support laboratory procurement records. Cold-pack shipping on qualifying orders.</p>"
