Product,WP ID,Was,Now,Old URL,New URL,Also fixed,Status
Cagrilintide Vial,289,Cargrilinitide Vial,Cagrilintide Vial,https://palmbeach-vitality.store/product/cargrilinitide-vial/,https://palmbeach-vitality.store/product/cagrilintide-vial/,SKU PBV-CAGRILINTIDE; image alt; 301 from old slug,Applied 2026-08-27
Melanotan II Vial,114,Melonotan Vial,Melanotan II Vial,https://palmbeach-vitality.store/product/melonotan/,https://palmbeach-vitality.store/product/melanotan-ii/,SKU PBV-MELANOTAN-II; image alt; 301 from old slug,Applied 2026-08-27
5-Amino-1MQ Pen,153,5 Amino MQ Pen,5-Amino-1MQ Pen,https://palmbeach-vitality.store/product/5-amino-mq-pen/,https://palmbeach-vitality.store/product/5-amino-1mq-pen/,SKU PBV-5-AMINO-1MQ-PEN; 301 from old slug,Applied 2026-08-27
Retatrutide 8mg Pen,197,SKU PBV-RETATRUTRIDE-8MG-PEN,SKU PBV-RETATRUTIDE-8MG-PEN,https://palmbeach-vitality.store/product/retatrutide-8mg-pen/,https://palmbeach-vitality.store/product/retatrutide-8mg-pen/,SKU + image alt; media filename still retatrutride-8mg-pen.jpg,Applied 2026-08-27
Retatrutide 16mg Pen,199,SKU PBV-RETATRUTRIDE-16MG-PEN,SKU PBV-RETATRUTIDE-16MG-PEN,https://palmbeach-vitality.store/product/retatrutide-16mg-pen/,https://palmbeach-vitality.store/product/retatrutide-16mg-pen/,SKU + image alt; media filename still retatrutride-16mg-pen.jpg,Applied 2026-08-27
Retatrutide 24mg Pen,201,SKU PBV-RETATRUTRIDE-24MG-PEN,SKU PBV-RETATRUTIDE-24MG-PEN,https://palmbeach-vitality.store/product/retatrutide-24mg-pen/,https://palmbeach-vitality.store/product/retatrutide-24mg-pen/,SKU + image alt; media filename still retatrutride-24mg-pen.jpg,Applied 2026-08-27
Retatrutide 32mg Pen,203,SKU PBV-RETATRUTRIDE-32MG-PEN,SKU PBV-RETATRUTIDE-32MG-PEN,https://palmbeach-vitality.store/product/retatrutide-32mg-pen/,https://palmbeach-vitality.store/product/retatrutide-32mg-pen/,SKU + image alt; media filename still retatrutride-32mg-pen.jpg,Applied 2026-08-27
Retatrutide 40mg Pen,204,SKU PBV-RETATRUTRIDE-40MG-PEN,SKU PBV-RETATRUTIDE-40MG-PEN,https://palmbeach-vitality.store/product/retatrutide-40mg-pen/,https://palmbeach-vitality.store/product/retatrutide-40mg-pen/,SKU + image alt; still uses 32mg pen photo,Applied 2026-08-27
Tirzepatide 60mg Pen,191,SKU PBV-TIRZEPATIDE-40MG-PEN-COPY,SKU PBV-TIRZEPATIDE-60MG-PEN,https://palmbeach-vitality.store/product/tirzepatide-60mg-pen/,https://palmbeach-vitality.store/product/tirzepatide-60mg-pen/,Duplicate-copy SKU leftover,Applied 2026-08-27
